_id,isPb,wpm,acc,rawWpm,consistency,charStats,mode,mode2,quoteLength,restartCount,testDuration,afkDuration,incompleteTestSeconds,punctuation,numbers,language,funbox,difficulty,lazyMode,blindMode,bailedOut,tags,timestamp
6abb855a9503ffe34a39c3fe,false,100.58,94.89,100.58,74.29,503;0;0;0,time,60,-1,0,60.01,0,0,false,false,english,,normal,false,false,false,,1790674266000
6abb35349503ffe34a370724,false,93.4,94.62,99.4,68.36,467;10;4;2,time,60,-1,0,60,0,0,false,false,english,,normal,false,false,false,,1790653748000
6abb34f69503ffe34a370539,false,90.78,95.71,90.78,72.15,454;0;0;0,time,60,-1,0,60.01,0,0,false,false,english,,normal,false,false,false,,1790653686000
6abb33549503ffe34a36f855,false,94,95.82,94,70.97,470;0;0;0,time,60,-1,0,60,0,0,false,false,english,,normal,false,false,false,,1790653268000
6ab9e8f39503ffe34a29b49a,false,83.39,93.83,83.39,69.37,417;0;0;0,time,60,-1,0,60.01,0,0,false,false,english,,normal,false,false,false,,1790568691000
6ab60e8a9503ffe34a0a41e8,false,93.58,95.75,93.58,69.57,468;0;0;0,time,60,-1,0,60.01,0,0,false,false,english,,normal,false,false,false,,1790316170000
6ab5efde9503ffe34a09549a,false,92,94.27,92.8,70.77,460;2;1;0,time,60,-1,0,60,0,0,false,false,english,,normal,false,false,false,,1790308318000
6ab5ec2c9503ffe34a093741,false,87.99,93.57,89.59,65.35,440;1;1;0,time,60,-1,0,60.01,0,0,false,false,english,,normal,false,false,false,,1790307372000
6ab4aa519503ffe34afc4166,false,97.8,97.05,97.8,73.73,489;0;0;0,time,60,-1,0,60,0,0,false,false,english,,normal,false,false,false,,1790224977000
6ab4a1d59503ffe34afbfc8f,false,89.8,92.91,91.4,72.1,449;2;1;0,time,60,-1,0,60,0,0,false,false,english,,normal,false,false,false,,1790222805000
6ab49bda9503ffe34afbd0c4,false,92.58,95.71,92.58,76.21,463;0;0;0,time,60,-1,0,60.01,0,0,false,false,english,,normal,false,false,false,,1790221274000
6ab396b91e7fb6becc54c7da,false,79.19,93.49,80.59,63.34,396;3;1;0,time,60,-1,0,60.01,1,0,false,false,english,,normal,false,false,false,,1790154425000
6ab34dfc1e7fb6becc524977,false,81.57,92.26,85.97,57.22,408;5;3;0,time,60,-1,0,60.02,3,0,false,false,english,,normal,false,false,false,,1790135804000
6ab349f01e7fb6becc522afc,false,94.38,96.03,94.38,70.83,472;0;0;0,time,60,-1,0,60.01,0,0,false,false,english,,normal,false,false,false,,1790134768000
6ab348691e7fb6becc522004,false,94.18,95.32,94.18,70.69,471;0;0;0,time,60,-1,0,60.01,0,0,false,false,english,,normal,false,false,false,,1790134377000
6ab2576e1e7fb6becc47ecb0,false,93.77,95.64,94.57,70.24,469;1;0;1,time,60,-1,0,60.02,0,0,false,false,english,,normal,false,false,false,,1790072686000
6ab20c721e7fb6becc452976,false,82.79,92.32,83.99,60.69,414;2;1;0,time,60,-1,0,60.01,0,0,false,false,english,,normal,false,false,false,,1790053490000
6ab1fa411e7fb6becc44989e,false,93.58,95.8,93.58,71.55,468;0;0;0,time,60,-1,0,60.01,0,0,false,false,english,,normal,false,false,false,,1790048833000
6ab1fa011e7fb6becc4496bb,false,84.32,96.49,90.81,65.56,52;1;0;0,quote,5050,0,0,7.4,0,0,false,false,english,,normal,false,false,false,,1790048769000
6ab1f9231e7fb6becc448fc5,false,110.43,100,110.43,78.72,60;0;0;0,quote,40,0,0,6.52,0,0,false,false,english,,normal,false,false,false,,1790048547000
6ab1f91c1e7fb6becc448f79,false,68.63,94.34,68.63,62.87,99;0;0;0,quote,3119,0,0,17.31,0,0,false,false,english,,normal,false,false,false,,1790048540000
6ab0f2111e7fb6becc39b757,false,53.47,94.57,53.47,44.26,84;0;0;0,quote,5849,0,0,18.85,0,0,false,false,english,,normal,false,false,false,,1789981201000
6ab0f1e81e7fb6becc39b5c1,false,71.97,95,71.97,64.47,95;0;0;0,quote,5369,0,0,15.84,0,0,false,false,english,,normal,false,false,false,,1789981160000
6ab0f1771e7fb6becc39b165,false,63.87,88.06,71.24,69.12,52;1;0;0,quote,6944,0,0,9.77,0,0,false,false,english,,normal,false,false,false,,1789981047000
6ab0f16a1e7fb6becc39b0e2,false,80.23,95.89,80.23,63.42,70;0;0;0,quote,6843,0,0,10.47,0,0,false,false,english,,normal,false,false,false,,1789981034000
6ab0f15c1e7fb6becc39b06f,false,71.7,97.53,71.7,72.16,76;0;0;0,quote,6726,0,0,12.72,0,0,false,false,english,,normal,false,false,false,,1789981020000
6ab0f14d1e7fb6becc39afc3,false,70.59,90.7,70.59,63.71,77;0;0;0,quote,5051,0,0,13.09,0,0,false,false,english,,normal,false,false,false,,1789981005000
6ab0f13c1e7fb6becc39af04,false,95.43,97.62,95.43,69.03,80;0;0;0,quote,5244,0,0,10.06,0,0,false,false,english,,normal,false,false,false,,1789980988000
6ab0d6841e7fb6becc38b12d,false,71.64,98.46,71.64,44.45,64;0;0;0,quote,6132,0,0,10.72,0,0,false,false,english,,normal,false,false,false,,1789974148000
6aae24391e7fb6becc246bfa,false,64.75,94.05,64.75,72.93,77;0;0;0,quote,5796,0,0,14.27,0,0,false,false,english,,normal,false,false,false,,1789797433000
6aae24291e7fb6becc246b88,false,62.41,89.77,67.41,53.29,75;2;0;0,quote,6969,0,0,14.42,0,0,false,false,english,,normal,false,false,false,,1789797417000
6aae24131e7fb6becc246ae8,false,81.76,100,81.76,67.16,31;0;0;0,quote,5098,0,0,4.55,0,0,false,false,english,,normal,false,false,false,,1789797395000
6aae240b1e7fb6becc246ab2,false,61.65,96.72,61.65,69.36,58;0;0;0,quote,5049,0,0,11.29,0,0,false,false,english,,normal,false,false,false,,1789797387000
6aae23ff1e7fb6becc246a54,false,58.35,90.16,58.35,43.89,53;0;0;0,quote,5669,0,0,10.9,0,0,false,false,english,,normal,false,false,false,,1789797375000
6aae22f41e7fb6becc246331,false,65.71,93.33,65.71,64.22,69;0;0;0,quote,6092,0,0,12.6,0,0,false,false,english,,normal,false,false,false,,1789797108000
6aae22e51e7fb6becc2462c1,false,72.63,95.83,72.63,66.74,67;0;0;0,quote,7748,0,0,11.07,0,0,false,false,english,,normal,false,false,false,,1789797093000
6aae22d91e7fb6becc246264,false,76.11,94.12,76.11,75.89,64;0;0;0,quote,1,0,0,10.09,0,0,false,false,english,,normal,false,false,false,,1789797081000
6aae217a1e7fb6becc2458ff,false,71.94,92.94,71.94,56.5,75;0;0;0,quote,56,0,0,12.51,0,0,false,false,english,,normal,false,false,false,,1789796730000
6aae216c1e7fb6becc2458aa,false,68.88,95.79,68.88,73.56,90;0;0;0,quote,2598,0,0,15.68,0,0,false,false,english,,normal,false,false,false,,1789796716000
6aae215b1e7fb6becc245838,false,69.81,97.62,72.46,73.38,79;1;1;0,quote,4231,0,0,13.58,0,0,false,false,english,,normal,false,false,false,,1789796699000
6aae21481e7fb6becc2457a3,false,69.62,96.1,69.62,62.96,68;0;0;0,quote,5575,0,0,11.72,0,0,false,false,english,,normal,false,false,false,,1789796680000
6aae213b1e7fb6becc245742,false,80.88,96.83,80.88,57.6,61;0;0;0,quote,5580,0,0,9.05,0,0,false,false,english,,normal,false,false,false,,1789796667000
6aae21281e7fb6becc2456ac,false,64.69,93.75,64.69,57.21,60;0;0;0,quote,5087,0,0,11.13,0,0,false,false,english,,normal,false,false,false,,1789796648000
6aae1f0b1e7fb6becc2447d4,false,80.07,96.34,80.07,68.44,79;0;0;0,quote,6981,0,0,11.84,0,0,false,false,english,,normal,false,false,false,,1789796107000
6aae1ebc1e7fb6becc2445cb,false,64.34,90.43,66.33,62.8,97;1;0;0,quote,7761,0,0,18.09,0,0,false,false,english,,normal,false,false,false,,1789796028000
6aae1ea91e7fb6becc24453c,false,63.47,87.3,63.47,65.57,53;0;0;0,quote,5192,0,0,10.02,0,0,false,false,english,,normal,false,false,false,,1789796009000
6aae1e991e7fb6becc2444d0,false,83.89,94.4,91.88,64.77,105;3;1;1,time,15,-1,0,15.02,0,0,false,false,english,,normal,false,false,false,,1789795993000
6aae1c011e7fb6becc2432f5,false,102.33,93.01,106.33,75.82,128;2;1;0,time,15,-1,0,15.01,0,0,false,false,english,,normal,false,false,false,,1789795329000
6aae0f651e7fb6becc23e17f,false,77.6,86.72,96.8,75.85,97;13;2;3,time,15,-1,0,15,0,0,false,false,english,,normal,false,false,false,,1789792101000
6aae0f441e7fb6becc23e0c5,false,91.94,93.6,95.14,66.44,115;2;1;0,time,15,-1,0,15.01,0,0,false,false,english,,normal,false,false,false,,1789792068000
6aae0dcc1e7fb6becc23d75c,false,115.92,95.63,120.72,81.35,145;2;1;0,time,15,-1,0,15.01,0,0,false,false,english,,normal,false,false,false,,1789791692000
6aae0c051e7fb6becc23cb7d,false,90.4,93.44,90.4,62.22,113;0;0;0,time,15,-1,0,15,0,0,false,false,english,,normal,false,false,false,,1789791237000
6aae0bf51e7fb6becc23cb13,false,106.26,90.67,110.25,76.91,133;2;1;0,time,15,-1,0,15.02,0,0,false,false,english,,normal,false,false,false,,1789791221000
6aae0bd31e7fb6becc23ca2c,false,89,91.49,91.6,68.55,445;3;2;0,time,60,-1,0,60,0,0,false,false,english,,normal,false,false,false,,1789791187000
6aae0b371e7fb6becc23c5e6,false,87.57,93.24,90.37,62.15,438;4;2;0,time,60,-1,0,60.02,0,0,false,false,english,,normal,false,false,false,,1789791031000
6aae02911e7fb6becc238fa5,false,85.57,92.58,88.97,65.29,428;8;1;2,time,60,-1,0,60.02,0,0,false,false,english,,normal,false,false,false,,1789788817000
6aacb2bf1e7fb6becc170f15,false,93.58,94.97,97.18,66.63,468;5;3;1,time,60,-1,0,60.01,0,0,false,false,english,,normal,false,false,false,,1789702847000
6aabc8361e7fb6becc0d3dd8,false,87.8,93.37,87.8,67.42,439;0;0;0,time,60,-1,0,60,0,0,false,false,english,,normal,false,false,false,,1789642806000
6aab63d81e7fb6becc09c278,false,94.23,91.53,103.85,80.77,49;1;0;1,words,10,-1,0,6.24,0,0,false,false,english,,normal,false,false,false,,1789617112000
6aaa0df91e7fb6beccfc73a7,false,94.8,95.93,96.6,79.18,474;3;1;1,time,60,-1,0,60,0,0,false,false,english,,normal,false,false,false,,1789529593000
6aa94c1b1e7fb6beccf4a2b0,false,80.67,95.1,85.46,66.69,404;7;3;1,time,60,-1,0,60.1,0,0,false,false,english,,normal,false,false,false,,1789479963000
6aa949901e7fb6beccf47d3a,false,88.99,95.16,97.58,69.29,445;13;6;1,time,60,-1,0,60.01,0,0,false,false,english,,normal,false,false,false,,1789479312000
6aa9492a1e7fb6beccf47766,false,96.09,95.74,102.79,71.9,43;1;0;1,words,10,-1,0,5.37,0,0,false,false,english,,normal,false,false,false,,1789479210000
6aa949211e7fb6beccf476e3,false,63.58,92.73,70.2,38.1,48;3;0;0,words,10,-1,0,9.06,0,0,false,false,english,,normal,false,false,false,,1789479201000
6aa911bd1e7fb6beccf220b8,false,87.53,93.22,87.53,58.2,55;0;0;0,words,10,-1,0,7.54,0,0,false,false,english,,normal,false,false,false,,1789465021000
6aa77728b5a78d8418c665ac,false,76.75,89.11,91.14,68.47,192;12;4;2,time,30,-1,0,30.02,0,0,false,false,english,,normal,false,false,false,,1789359912000
6aa76d20b5a78d8418c61063,false,99.57,93.64,110.36,71.34,249;10;3;2,time,30,-1,0,30.01,0,0,false,false,english,,normal,false,false,false,,1789357344000
6aa42aceb5a78d8418ac990c,false,65.58,95.45,67.58,61.72,164;1;1;0,time,30,-1,0,30.01,0,0,false,false,english,,normal,false,false,false,,1789143758000
6aa287fab5a78d84189b029c,false,92.77,92.66,95.57,69.29,232;4;1;0,time,30,-1,0,30.01,0,0,false,false,english,,normal,false,false,false,,1789036538000
6aa11d6ab5a78d84188c7a98,false,102.37,96.6,102.37,75.53,256;0;0;0,time,30,-1,0,30.01,0,0,false,false,english,,normal,false,false,false,,1788943722000
6a9f8ac9b5a78d84187ccb08,false,93.57,95.55,93.57,66.28,234;0;0;0,time,30,-1,0,30.01,0,0,false,false,english,,normal,false,false,false,,1788840649000
6a9f8a64b5a78d84187cc7fe,true,111.96,98.96,111.96,83.65,280;0;0;0,time,30,-1,0,30.01,0,0,false,false,english,,normal,false,false,false,,1788840548000
6a9ea9fbb5a78d8418754ff3,false,91.97,96.27,91.97,66.84,230;0;0;0,time,30,-1,0,30.01,0,0,false,false,english,,normal,false,false,false,,1788783099000
6a9e3865b5a78d84187117ea,false,92.4,95.98,94.8,76.9,231;2;1;0,time,30,-1,0,30,0,0,false,false,english,,normal,false,false,false,,1788754021000
6a9e37e4b5a78d8418711393,false,67.55,90.26,70.75,63.88,169;2;1;1,time,30,-1,0,30.02,0,0,false,false,english,,normal,false,false,false,,1788753892000
6a9bd709b5a78d84185f1da0,false,79.97,93.93,79.97,66.69,200;0;0;0,time,30,-1,0,30.01,0,0,false,false,english,,normal,false,false,false,,1788598025000
6a9b922bb5a78d84185d273f,false,79.15,92.15,87.94,72.29,198;5;2;0,time,30,-1,0,30.02,0,0,false,false,english,,normal,false,false,false,,1788580395000
6a9a3dfcb5a78d8418509c34,false,93.57,95.04,96.77,70.89,234;3;1;1,time,30,-1,0,30.01,0,0,false,false,english,,normal,false,false,false,,1788493308000
6a99637db5a78d841847899b,true,111.56,98.6,111.56,83.98,279;0;0;0,time,30,-1,0,30.01,0,0,false,false,english,,normal,false,false,false,,1788437373000
6a99496bb5a78d841846827e,false,80.77,91.21,83.57,62.71,202;2;0;1,time,30,-1,0,30.01,0,0,false,false,english,,normal,false,false,false,,1788430699000
6a993473b5a78d841845b954,false,92,96.27,92,67,230;0;0;0,time,30,-1,0,30,0,0,false,false,english,,normal,false,false,false,,1788425331000
6a9933bdb5a78d841845b22c,false,95.58,95.31,95.58,66.08,478;0;0;0,time,60,-1,0,60.01,0,0,false,false,english,,normal,false,false,false,,1788425149000
6a9932ebb5a78d841845aac4,false,120.72,96.88,125.52,86.45,151;2;1;0,time,15,-1,0,15.01,0,0,false,false,english,,normal,false,false,false,,1788424939000
6a9932b4b5a78d841845a8ce,false,120.72,96.82,123.92,83.69,151;3;0;1,time,15,-1,0,15.01,0,0,false,false,english,,normal,false,false,false,,1788424884000
6a993232b5a78d841845a396,false,96.74,95.45,101.53,67.02,121;2;1;0,time,15,-1,0,15.01,0,0,false,false,english,,normal,false,false,false,,1788424754000
6a993221b5a78d841845a2f5,false,75.95,86.44,75.95,73.39,95;0;0;0,time,15,-1,0,15.01,0,0,false,false,english,,normal,false,false,false,,1788424737000
6a9931fcb5a78d841845a18b,false,107.93,93.1,107.93,84.58,135;0;0;0,time,15,-1,0,15.01,0,0,false,false,english,,normal,false,false,false,,1788424700000
6a9931ebb5a78d841845a0d4,false,80.69,88.37,89.48,77.61,101;3;1;0,time,15,-1,0,15.02,0,0,false,false,english,,normal,false,false,false,,1788424683000
6a9931d7b5a78d841845a000,false,92.8,92.42,101.6,68.08,116;5;1;1,time,15,-1,0,15,0,0,false,false,english,,normal,false,false,false,,1788424663000
6a9931c6b5a78d8418459f4f,false,92,93.94,101.6,68.62,115;4;0;2,time,15,-1,0,15,0,0,false,false,english,,normal,false,false,false,,1788424646000
6a9931a0b5a78d8418459db6,false,83.14,88.89,87.94,83.85,104;1;1;0,time,15,-1,0,15.01,0,0,false,false,english,,normal,false,false,false,,1788424608000
6a99318fb5a78d8418459d12,false,102.33,94.12,113.52,78.76,128;3;1;1,time,15,-1,0,15.01,0,0,false,false,english,,normal,false,false,false,,1788424591000
6a99317eb5a78d8418459c6d,false,95.14,91.91,95.14,77.77,119;0;0;0,time,15,-1,0,15.01,0,0,false,false,english,,normal,false,false,false,,1788424574000
6a99316eb5a78d8418459bd6,false,99.93,97.01,104.73,63.35,125;1;1;0,time,15,-1,0,15.01,0,0,false,false,english,,normal,false,false,false,,1788424558000
6a99315db5a78d8418459b37,false,86.4,96.46,86.4,78.4,108;0;0;0,time,15,-1,0,15,0,0,false,false,english,,normal,false,false,false,,1788424541000
6a99314db5a78d8418459a8d,false,71.15,87.74,72.75,59.84,89;2;0;0,time,15,-1,0,15.01,0,0,false,false,english,,normal,false,false,false,,1788424525000
6a99313db5a78d84184599ec,false,79.95,93.97,89.54,73.1,100;3;2;0,time,15,-1,0,15.01,0,0,false,false,english,,normal,false,false,false,,1788424509000
6a99312cb5a78d8418459953,false,82.4,92.24,87.2,60.95,103;2;1;0,time,15,-1,0,15,0,0,false,false,english,,normal,false,false,false,,1788424492000
6a993119b5a78d8418459891,false,81.6,93.81,84,64.11,102;0;1;0,time,15,-1,0,15,0,0,false,false,english,,normal,false,false,false,,1788424473000
6a993108b5a78d84184597fc,false,105.53,98.54,105.53,76.06,132;0;0;0,time,15,-1,0,15.01,0,0,false,false,english,,normal,false,false,false,,1788424456000
6a99054cb5a78d8418440664,false,83.14,95.73,89.54,71.88,104;1;0;1,time,15,-1,0,15.01,0,0,false,false,english,,normal,false,false,false,,1788413260000
6a99053bb5a78d84184405c7,false,98.14,93.94,98.14,72.42,123;0;0;0,time,15,-1,0,15.04,0,0,false,false,english,,normal,false,false,false,,1788413243000
6a98efd4b5a78d8418434e27,false,77.55,91.13,92.74,70.88,97;6;2;1,time,15,-1,0,15.01,0,0,false,false,english,,normal,false,false,false,,1788407764000
6a98eef9b5a78d841843474c,false,103.13,97.18,113.52,83.25,129;4;2;0,time,15,-1,0,15.01,0,0,false,false,english,,normal,false,false,false,,1788407545000
6a980cbeb5a78d841839dd42,false,122.4,100,122.4,83.91,153;0;0;0,time,15,-1,0,15,0,0,false,false,english,,normal,false,false,false,,1788349630000
6a9800deb5a78d8418396030,false,101.46,96.95,101.46,80.18,127;0;0;0,time,15,-1,0,15.02,0,0,false,false,english,,normal,false,false,false,,1788346590000
6a9800ceb5a78d8418395f99,false,95.94,93.28,99.13,74.98,120;2;1;0,time,15,-1,0,15.01,0,0,false,false,english,,normal,false,false,false,,1788346574000
6a9800bdb5a78d8418395f0f,false,86.34,92,93.54,61.4,108;3;1;1,time,15,-1,0,15.01,0,0,false,false,english,,normal,false,false,false,,1788346557000
6a980012b5a78d84183957cf,false,83.14,94.78,89.54,72.37,104;2;2;0,time,15,-1,0,15.01,0,0,false,false,english,,normal,false,false,false,,1788346386000
6a980002b5a78d8418395725,false,108.66,98.55,108.66,78.55,136;0;0;0,time,15,-1,0,15.02,0,0,false,false,english,,normal,false,false,false,,1788346370000
6a97ffbeb5a78d8418395492,false,97.53,95.31,97.53,66.08,122;0;0;0,time,15,-1,0,15.01,0,0,false,false,english,,normal,false,false,false,,1788346302000
6a97ffaeb5a78d84183953f2,false,97.53,96.9,99.93,66.09,122;1;0;0,time,15,-1,0,15.01,0,0,false,false,english,,normal,false,false,false,,1788346286000
6a97f574b5a78d841838ee3f,false,111.13,97.22,111.13,74.54,139;0;0;0,time,15,-1,0,15.01,0,0,false,false,english,,normal,false,false,false,,1788343668000
6a97f475b5a78d841838e5a8,false,92.68,91.73,99.87,76.03,116;3;1;1,time,15,-1,0,15.02,0,0,false,false,english,,normal,false,false,false,,1788343413000
6a97f42eb5a78d841838e339,false,91.98,94.22,91.98,71.93,460;0;0;0,time,60,-1,0,60.01,0,0,false,false,english,,normal,false,false,false,,1788343342000
6a97f3dab5a78d841838e048,false,95.58,95.87,96.38,70.14,478;1;0;1,time,60,-1,0,60.01,0,0,false,false,english,,normal,false,false,false,,1788343258000
6a97f023b5a78d841838bbcc,false,92.77,97.52,92.77,70.92,464;0;0;0,time,60,-1,0,60.02,0,0,false,false,english,,normal,false,false,false,,1788342307000
6a97c63fb5a78d8418372b2b,false,83.79,92.36,84.79,67.21,419;1;1;0,time,60,-1,0,60.01,0,0,false,false,english,,normal,false,false,false,,1788331583000
6a97a096b5a78d841835f79c,false,90.78,95.09,91.58,70.3,454;1;1;0,time,60,-1,0,60.01,0,0,false,false,english,,normal,false,false,false,,1788321942000
6a979de9b5a78d841835e1d5,false,103.85,93.1,103.85,81.79,54;0;0;0,words,10,-1,0,6.24,0,0,false,false,english,,normal,false,false,false,,1788321257000
6a979de1b5a78d841835e192,false,114.8,98.15,114.8,70.76,53;0;0;0,words,10,-1,0,5.54,0,0,false,false,english,,normal,false,false,false,,1788321249000
6a979ddbb5a78d841835e157,false,88.65,93.1,88.65,54.93,54;0;0;0,words,10,-1,0,7.31,0,0,false,false,english,,normal,false,false,false,,1788321243000
6a979dbeb5a78d841835e047,false,113.91,95.65,121.85,76.7,43;2;0;1,words,10,-1,0,4.53,0,0,false,false,english,,normal,false,false,false,,1788321214000
6a979db8b5a78d841835e00f,false,86.47,87.27,99.12,76.78,41;2;0;0,words,10,-1,0,5.69,0,0,false,false,english,,normal,false,false,false,,1788321208000
6a964b41b5a78d841828b20d,false,124.32,100,124.32,89.35,46;0;0;0,words,10,-1,0,4.44,0,0,false,false,english,,normal,false,false,false,,1788234561000
6a952295b5a78d84181ce1d3,false,131.29,100,131.29,89.85,50;0;0;0,words,10,-1,0,4.57,0,0,false,false,english,,normal,false,false,false,,1788158613000
6a94fa8cb5a78d84181b8e0d,false,79.92,93.06,79.92,77.86,65;0;0;0,words,10,-1,0,9.76,0,0,false,false,english,,normal,false,false,false,,1788148364000
6a8fbed8b5a78d8418f0127d,false,110.16,95.92,110.16,85.57,47;0;0;0,words,10,-1,0,5.12,0,0,false,false,english,,normal,false,false,false,,1787805400000
6a8e6889b5a78d8418e2cd48,false,84.2,95.24,87,74.54,421;3;1;2,time,60,-1,0,60,0,0,false,false,english,,normal,false,false,false,,1787717769000
6a8d137ab5a78d8418d5c07f,false,96.98,97.01,96.98,71.42,485;0;0;0,time,60,-1,0,60.01,0,0,false,false,english,,normal,false,false,false,,1787630458000
6a8c3028b5a78d8418ccfdac,false,84.79,96.44,85.99,67.94,424;0;1;0,time,60,-1,0,60.01,0,0,false,false,english,,normal,false,false,false,,1787572264000
6a8c0d60b5a78d8418cba159,false,94.88,96.43,102.33,65.46,51;1;0;1,words,10,-1,0,6.45,0,0,false,false,english,,normal,false,false,false,,1787563360000
6a8c049eb5a78d8418cb4998,false,91.38,95.55,92.38,70.55,457;1;0;1,time,60,-1,0,60.01,0,0,false,false,english,,normal,false,false,false,,1787561118000
6a8bf204b5a78d8418ca9d55,false,97.98,95.95,97.98,73.57,490;0;0;0,time,60,-1,0,60.01,0,0,false,false,english,,normal,false,false,false,,1787556356000
6a8bf0abb5a78d8418ca9017,false,94,96.21,95,74.99,470;2;1;0,time,60,-1,0,60,0,0,false,false,english,,normal,false,false,false,,1787556011000
6a8bf05db5a78d8418ca8d24,false,103.93,94.37,107.13,81.16,130;1;1;0,time,15,-1,0,15.01,0,0,false,false,english,,normal,false,false,false,,1787555933000
6a8bf048b5a78d8418ca8c64,false,88.8,92.06,92,64.48,111;3;0;1,time,15,-1,0,15,0,0,false,false,english,,normal,false,false,false,,1787555912000
6a8be97fb5a78d8418ca4c1e,false,94.34,93.89,94.34,73.4,118;0;0;0,time,15,-1,0,15.01,0,0,false,false,english,,normal,false,false,false,,1787554175000
6a8be96db5a78d8418ca4b76,false,69.55,91,72.75,57.03,87;2;0;1,time,15,-1,0,15.01,0,0,false,false,english,,normal,false,false,false,,1787554157000
6a8bc048b5a78d8418c8fedc,false,79.15,92.98,79.15,64.44,99;0;0;0,time,15,-1,0,15.01,0,0,false,false,english,,normal,false,false,false,,1787543624000
6a881e22b5a78d8418ac9af1,false,92.74,95.87,92.74,66.91,116;0;0;0,time,15,-1,0,15.01,0,0,false,false,english,,normal,false,false,false,,1787305506000
6a881e11b5a78d8418ac9a49,false,92,98.35,92,60.44,115;0;0;0,time,15,-1,0,15,0,0,false,false,english,,normal,false,false,false,,1787305489000
6a88144ab5a78d8418ac3b98,false,94.4,96.75,94.4,71.07,118;0;0;0,time,15,-1,0,15,0,0,false,false,english,,normal,false,false,false,,1787302986000
6a87c9a3b5a78d8418a9c0e2,false,91.14,89.47,100.73,72.42,114;8;1;1,time,15,-1,0,15.01,0,0,false,false,english,,normal,false,false,false,,1787283875000
6a86e098b5a78d8418a0f15c,false,87.94,92.13,87.94,65.81,110;0;0;0,time,15,-1,0,15.01,0,0,false,false,english,,normal,false,false,false,,1787224216000
6a86db13b5a78d8418a0bbba,false,91.94,95.9,91.94,75.47,115;0;0;0,time,15,-1,0,15.01,0,0,false,false,english,,normal,false,false,false,,1787222803000
6a86d3fdb5a78d8418a074c3,false,83.14,91.38,86.34,63.91,104;2;0;0,time,15,-1,0,15.01,0,0,false,false,english,,normal,false,false,false,,1787220989000
6a8677ecb5a78d84189d45e7,false,102.33,97.71,102.33,75.92,128;0;0;0,time,15,-1,0,15.01,0,0,false,false,english,,normal,false,false,false,,1787197420000
6a859d2cb5a78d8418951629,false,100.6,95.04,109.38,84.08,126;4;2;0,time,15,-1,0,15.03,0,0,false,false,english,,normal,false,false,false,,1787141420000
6a859d1cb5a78d841895157c,false,100.73,89.58,103.93,75.41,126;2;0;1,time,15,-1,0,15.01,0,0,false,false,english,,normal,false,false,false,,1787141404000
6a853511b5a78d8418915ce0,false,87.14,95.28,96.74,82.72,109;3;2;0,time,15,-1,0,15.01,0,0,false,false,english,,normal,false,false,false,,1787114769000
6a852adfb5a78d8418910b78,false,102.33,92.36,110.33,85.37,128;5;1;1,time,15,-1,0,15.01,0,0,false,false,english,,normal,false,false,false,,1787112159000
6a8441cdb5a78d841888645a,false,112.65,97.99,112.65,80.73,141;0;0;0,time,15,-1,0,15.02,0,0,false,false,english,,normal,false,false,false,,1787052493000
6a8441a9b5a78d84188862d5,false,91.88,96.03,95.87,59.76,115;2;0;1,time,15,-1,0,15.02,0,0,false,false,english,,normal,false,false,false,,1787052457000
6a842de5b5a78d84188795f3,false,102.4,94.41,107.2,70.12,128;2;1;0,time,15,-1,0,15,0,0,false,false,english,,normal,false,false,false,,1787047397000
6a842ce9b5a78d8418878b5f,false,95.14,92.31,112.72,78.23,119;9;4;0,time,15,-1,0,15.01,0,0,false,false,english,,normal,false,false,false,,1787047145000
6a842ca8b5a78d841887889a,false,119.12,100,119.12,81.45,149;0;0;0,time,15,-1,0,15.01,0,0,false,false,english,,normal,false,false,false,,1787047080000
6a842c97b5a78d84188787f7,false,99.07,96.15,99.07,67.19,124;0;0;0,time,15,-1,0,15.02,0,0,false,false,english,,normal,false,false,false,,1787047063000
6a842beab5a78d8418878137,false,101.58,97.34,101.58,76.47,508;0;0;0,time,60,-1,0,60.01,0,0,false,false,english,,normal,false,false,false,,1787046890000
6a842b60b5a78d8418877ba4,false,83.94,94.65,87.54,62.84,420;4;1;2,time,60,-1,0,60.04,1,0,false,false,english,,normal,false,false,false,,1787046752000
6a842a93b5a78d841887739a,false,89.16,94.9,90.95,67.9,446;1;1;0,time,60,-1,0,60.03,0,0,false,false,english,,normal,false,false,false,,1787046547000
6a83d707b5a78d8418847a4b,false,96.58,97.45,97.78,77.17,483;1;1;0,time,60,-1,0,60.01,0,0,false,false,english,,normal,false,false,false,,1787025159000
6a82e664163be87b0a7677c9,false,79.79,94.87,81.79,70.92,399;2;1;0,time,60,-1,0,60.01,0,0,false,false,english,,normal,false,false,false,,1786963556000
6a829a0a163be87b0a73b6d7,false,93.58,93.96,95.38,68.52,468;2;1;0,time,60,-1,0,60.01,0,0,false,false,english,,normal,false,false,false,,1786944010000
6a7e9a38163be87b0a55bd50,false,74.79,92.63,75.59,61.05,374;1;0;1,time,60,-1,0,60.01,0,0,false,false,english,,normal,false,false,false,,1786681912000
6a7db44d163be87b0a4df236,false,89.59,95.5,92.58,70.21,448;4;1;2,time,60,-1,0,60.01,0,0,false,false,english,,normal,false,false,false,,1786623053000
6a7d7e63163be87b0a4bedf8,false,84.77,92.83,89.77,65.34,424;8;4;1,time,60,-1,0,60.02,1,0,false,false,english,,normal,false,false,false,,1786609251000
6a7d693e163be87b0a4b307c,false,85.8,94.84,85.8,66.06,429;0;0;0,time,60,-1,0,60,0,0,false,false,english,,normal,false,false,false,,1786603838000
6a7d45e6163be87b0a4a0196,false,84.59,90.95,87.19,65.55,423;2;0;2,time,60,-1,0,60.01,0,0,false,false,english,,normal,false,false,false,,1786594790000
6a7d42ef163be87b0a49eaba,false,88.39,94.44,90.78,63.83,442;2;1;1,time,60,-1,0,60.01,0,0,false,false,english,,normal,false,false,false,,1786594031000
6a7d4297163be87b0a49e7d9,false,87.39,94.42,89.39,68.49,437;2;1;1,time,60,-1,0,60.01,0,0,false,false,english,,normal,false,false,false,,1786593942000
6a7c5582163be87b0a41ba89,false,84.19,95.32,84.19,70.88,421;0;0;0,time,60,-1,0,60.01,0,0,false,false,english,,normal,false,false,false,,1786533250000
6a7c5545163be87b0a41b838,false,85.77,94.74,85.77,69.12,429;0;0;0,time,60,-1,0,60.02,0,0,false,false,english,,normal,false,false,false,,1786533189000
6a7beeca163be87b0a3e2b72,false,93.98,94.65,93.98,70.82,470;0;0;0,time,60,-1,0,60.01,0,0,false,false,english,,normal,false,false,false,,1786506954000
6a7b00d3163be87b0a360020,false,104.38,95.2,104.38,76.56,522;0;0;0,time,60,-1,0,60.01,0,0,false,false,english,,normal,false,false,false,,1786446035000
6a7a9efa163be87b0a327cfb,false,105.8,98.53,105.8,74.85,529;0;0;0,time,60,-1,0,60,0,0,false,false,english,,normal,false,false,false,,1786420986000
6a7a9e06163be87b0a327617,false,85.8,93.47,85.8,71.26,429;0;0;0,time,60,-1,0,60,0,0,false,false,english,,normal,false,false,false,,1786420742000
6a7a9a6b163be87b0a325be4,false,92.17,94.42,93.37,70.31,461;2;1;0,time,60,-1,0,60.02,0,0,false,false,english,,normal,false,false,false,,1786419819000
6a79c12b163be87b0a2b1be2,false,92.17,95.04,94.37,64.68,461;3;1;1,time,60,-1,0,60.02,0,0,false,false,english,,normal,false,false,false,,1786364203000
6a79b600163be87b0a2aaa52,true,109.2,97.37,110,77.55,546;1;0;1,time,60,-1,0,60,0,0,false,false,english,,normal,false,false,false,,1786361344000
6a79b5b6163be87b0a2aa7a4,false,76.59,89.08,78.99,64.97,383;4;2;0,time,60,-1,0,60.01,0,0,false,false,english,,normal,false,false,false,,1786361270000
6a79b579163be87b0a2aa539,false,92.77,92.98,94.97,67.7,464;6;1;1,time,60,-1,0,60.02,0,0,false,false,english,,normal,false,false,false,,1786361208000
6a799e9b163be87b0a29cd73,false,87.57,96.7,87.57,69.05,438;0;0;0,time,60,-1,0,60.02,0,0,false,false,english,,normal,false,false,false,,1786355355000
6a795dbd163be87b0a278271,false,81.09,94.82,81.09,67.96,811;0;0;0,time,120,-1,0,120.01,1,0,false,false,english,,normal,false,false,false,,1786338749000
6a795d2f163be87b0a277e88,false,77.17,93.87,78.77,68.35,386;2;1;0,time,60,-1,0,60.02,0,0,false,false,english,,normal,false,false,false,,1786338607000
6a795625163be87b0a274668,false,83.39,96.61,83.99,69.35,417;1;0;1,time,60,-1,0,60.01,0,0,false,false,english,,normal,false,false,false,,1786336805000
6a7955c2163be87b0a274308,false,79.2,92.83,80.4,65.59,396;2;1;0,time,60,-1,0,60,0,0,false,false,english,,normal,false,false,false,,1786336706000
6a794aea163be87b0a26ed1c,false,125.48,100,125.48,96.08,55;0;0;0,words,10,-1,0,5.26,0,0,false,false,english,,normal,false,false,false,,1786333930000
6a794ae3163be87b0a26ecea,false,99.67,100,99.67,74.11,50;0;0;0,words,10,-1,0,6.02,0,0,false,false,english,,normal,false,false,false,,1786333923000
6a794ac4163be87b0a26ec08,false,101.03,96.61,101.03,60.86,57;0;0;0,words,10,-1,0,6.77,0,0,false,false,english,,normal,false,false,false,,1786333892000
6a759cd4163be87b0a0c5c52,false,92.78,94.82,94.58,64.83,464;3;2;0,time,60,-1,0,60.01,0,0,false,false,english,,normal,false,false,false,,1786092756000
6a759637163be87b0a0c21f0,false,101.8,96.67,102.6,72.63,509;2;1;0,time,60,-1,0,60,0,0,false,false,english,,normal,false,false,false,,1786091063000
6a756ece163be87b0a0ace4d,false,97.2,95.17,101.6,72.09,486;8;2;2,time,60,-1,0,60,0,0,false,false,english,,normal,false,false,false,,1786080974000
6a75587a163be87b0a0a222b,false,92.38,94.34,96.18,71.9,462;6;3;0,time,60,-1,0,60.01,0,0,false,false,english,,normal,false,false,false,,1786075258000
6a75582f163be87b0a0a1fbd,false,58.99,90.09,58.99,61.73,295;0;0;0,time,60,-1,0,60.01,0,0,false,false,english_5k,,normal,false,false,false,,1786075183000
6a745591163be87b0a018484,true,65.4,94.96,65.4,68.05,327;0;0;0,time,60,-1,0,60,0,0,false,false,english_5k,,normal,false,false,false,,1786008977000
6a745534163be87b0a018138,false,82.37,95.07,84.77,62.02,206;1;1;0,time,30,-1,0,30.01,0,0,true,false,english,,normal,false,false,false,,1786008884000
6a74550f163be87b0a017fb4,false,94.36,95.83,94.36,80.38,46;0;0;0,words,10,-1,0,5.85,0,0,false,false,english,,normal,false,false,false,,1786008847000
6a745500163be87b0a017f25,false,83.81,92.31,93.33,64.23,44;2;1;0,words,10,-1,0,6.3,0,0,false,false,english,,normal,false,false,false,,1786008832000
6a7454f8163be87b0a017ed1,false,119.57,98.21,119.57,79.94,55;0;0;0,words,10,-1,0,5.52,0,0,false,false,english,,normal,false,false,false,,1786008824000
6a7454f1163be87b0a017e83,false,100.91,96.15,114.08,75.66,46;1;1;0,words,10,-1,0,5.47,0,0,false,false,english,,normal,false,false,false,,1786008817000
6a74507a163be87b0a015231,false,94.6,94.53,98,66.16,473;4;2;0,time,60,-1,0,60,0,0,false,false,english,,normal,false,false,false,,1786007674000
6a744157163be87b0a00c9c0,false,103.38,95.82,103.38,74.95,517;0;0;0,time,60,-1,0,60.01,0,0,false,false,english,,normal,false,false,false,,1786003799000
6a741d4f163be87b0aff8b1f,false,89.57,97.85,91.37,70.99,448;2;1;1,time,60,-1,0,60.02,0,0,false,false,english,,normal,false,false,false,,1785994575000
6a7405d7163be87b0afecce1,true,109.18,97.54,111.38,78.3,546;3;2;0,time,60,-1,0,60.01,0,0,false,false,english,,normal,false,false,false,,1785988567000
6a72b352163be87b0af37417,false,89.59,95.86,91.18,69.45,448;2;1;0,time,60,-1,0,60.01,0,0,false,false,english,,normal,false,false,false,,1785901906000
6a71ca1f658c7ce391100c14,false,87.19,92.59,87.19,63.97,436;0;0;0,time,60,-1,0,60.01,0,0,false,false,english,,normal,false,false,false,,1785842207000
6a719f29658c7ce3910e70ad,false,82.79,93.78,82.79,61.64,414;0;0;0,time,60,-1,0,60.01,0,0,false,false,english,,normal,false,false,false,,1785831209000
6a719e63658c7ce3910e6a51,false,91.38,94.62,96.18,74.23,457;7;1;3,time,60,-1,0,60.01,0,0,false,false,english,,normal,false,false,false,,1785831011000
6a719e26658c7ce3910e6861,false,87.19,93.89,90.98,74.32,436;5;1;3,time,60,-1,0,60.01,0,0,false,false,english,,normal,false,false,false,,1785830950000
6a717fa9658c7ce3910d51ad,false,76.59,95.34,77.79,65.86,383;2;1;0,time,60,-1,0,60.01,0,0,false,false,english,,normal,false,false,false,,1785823145000
6a717495658c7ce3910cf348,false,84.19,94.78,87.39,66.61,421;4;2;1,time,60,-1,0,60.01,0,0,false,false,english,,normal,false,false,false,,1785820309000
6a716d69658c7ce3910cb691,false,91.58,94.18,94.18,70.59,458;4;2;0,time,60,-1,0,60.01,0,0,false,false,english,,normal,false,false,false,,1785818473000
6a71681c658c7ce3910c8c0e,false,86.99,94.66,90.38,67.02,435;6;3;0,time,60,-1,0,60.01,0,0,false,false,english,,normal,false,false,false,,1785817116000
6a7167cc658c7ce3910c89a0,false,88.4,93.4,91,68.36,442;5;2;0,time,60,-1,0,60,0,0,false,false,english,,normal,false,false,false,,1785817036000
6a716700658c7ce3910c8373,false,93.78,94.92,97.78,66.55,469;4;4;0,time,60,-1,0,60.01,0,0,false,false,english,,normal,false,false,false,,1785816832000
6a7166b9658c7ce3910c8153,false,99.17,95.27,100.17,74.61,496;2;0;1,time,60,-1,0,60.02,0,0,false,false,english,,normal,false,false,false,,1785816761000
6a716648658c7ce3910c7deb,false,96.77,93.98,99.57,69.82,484;4;2;0,time,60,-1,0,60.02,0,0,false,false,english,,normal,false,false,false,,1785816648000
6a705f85658c7ce39103b8f3,false,100.18,98.27,103.38,70.76,501;4;2;1,time,60,-1,0,60.01,0,0,false,false,english,,normal,false,false,false,,1785749381000
6a70590c658c7ce391037b3e,false,80.57,92.53,83.77,62.38,403;4;3;0,time,60,-1,0,60.02,0,0,false,false,english,,normal,false,false,false,,1785747724000
6a70583a658c7ce391037418,false,75.96,93.78,77.36,67.17,380;2;1;0,time,60,-1,0,60.03,0,0,false,false,english,,normal,false,false,false,,1785747514000
6a704e8b658c7ce391031d45,false,88.59,95.46,92.38,71.95,443;7;2;2,time,60,-1,0,60.01,0,0,false,false,english,,normal,false,false,false,,1785745035000
6a7013ca658c7ce391012758,false,99.2,95.54,103.6,65.88,496;5;3;1,time,60,-1,0,60,0,0,false,false,english,,normal,false,false,false,,1785729994000
6a6d6b35658c7ce391eec7e5,false,81.37,91.74,85.37,67.56,407;7;3;0,time,60,-1,0,60.02,0,0,false,false,english,,normal,false,false,false,,1785555765000
6a6afa2faf23e07586c59bd4,false,90.97,95.87,92.17,69.23,455;2;1;0,time,60,-1,0,60.02,0,0,false,false,english,,normal,false,false,false,,1785395759000
6a6ad0b0af23e07586c43833,false,90.6,94.55,91.4,66.76,453;3;0;1,time,60,-1,0,60,0,0,false,false,english,,normal,false,false,false,,1785385136000
6a69b212af23e07586baba18,false,100.18,96.8,101.78,70.26,501;2;1;0,time,60,-1,0,60.01,0,0,false,false,english,,normal,false,false,false,,1785311762000
6a69b1d4af23e07586bab7b9,false,90.4,93.96,95.2,67.31,452;9;2;3,time,60,-1,0,60,0,0,false,false,english,,normal,false,false,false,,1785311700000
6a697b1daf23e07586b8f0d8,false,106.8,98.52,106.8,77.41,267;0;0;0,time,30,-1,0,30,0,0,false,false,english,,normal,false,false,false,,1785297693000
6a6861ffaf23e07586af706c,false,103.93,96.7,106.33,74.54,260;2;1;0,time,30,-1,0,30.02,0,0,false,false,english,,normal,false,false,false,,1785225727000
6a6861daaf23e07586af6eff,false,87.14,90.98,93.14,66.22,218;4;2;0,time,30,-1,0,30.02,0,0,false,false,english,,normal,false,false,false,,1785225690000
6a68534aaf23e07586aeeafb,false,97.97,95.44,101.17,73.22,245;2;1;0,time,30,-1,0,30.01,0,0,false,false,english,,normal,false,false,false,,1785221962000
6a685328af23e07586aee9b1,false,78.77,88.99,78.77,61.31,197;0;0;0,time,30,-1,0,30.01,0,0,false,false,english,,normal,false,false,false,,1785221928000
6a685309af23e07586aee895,false,96.37,93.16,97.97,68.74,241;2;1;0,time,30,-1,0,30.01,0,0,false,false,english,,normal,false,false,false,,1785221897000
6a684be3af23e07586aea473,true,63.58,94.64,63.58,69.56,159;0;0;0,time,30,-1,0,30.01,0,0,false,false,english_10k,,normal,false,false,false,,1785220067000
6a684bc2af23e07586aea333,false,57.18,93.59,57.18,62.72,143;0;0;0,time,30,-1,0,30.01,0,0,false,false,english_10k,,normal,false,false,false,,1785220034000
6a684b9daf23e07586aea1cb,false,89.14,94.92,89.14,68.03,223;0;0;0,time,30,-1,0,30.02,0,0,false,false,english,,normal,false,false,false,,1785219997000
6a684b73af23e07586aea055,false,99.93,96.54,99.93,70.31,250;0;0;0,time,30,-1,0,30.02,0,0,false,false,english,,normal,false,false,false,,1785219955000
6a68479aaf23e07586ae7d08,false,103.17,97.76,103.17,73.92,516;0;0;0,time,60,-1,0,60.02,0,0,false,false,english,,normal,false,false,false,,1785218970000
6a68463aaf23e07586ae720c,false,99.98,96.06,101.98,72.88,500;2;1;0,time,60,-1,0,60.01,0,0,false,false,english,,normal,false,false,false,,1785218618000
6a682949af23e07586ad8777,false,125.3,100,125.3,87.13,52;0;0;0,words,10,-1,0,4.98,0,0,false,false,english,,normal,false,false,false,,1785211209000
6a674c92af23e07586a65ccf,false,91.18,95.11,91.98,61.54,456;1;0;1,time,60,-1,0,60.01,0,0,false,false,english,,normal,false,false,false,,1785154706000
6a671074af23e07586a41759,false,80.99,93.31,87.79,64.51,405;10;4;2,time,60,-1,0,60.01,0,0,false,false,english,,normal,false,false,false,,1785139316000
6a66f214af23e07586a30a0e,false,131.4,100,131.4,84.47,53;0;0;0,words,10,-1,0,4.84,0,0,false,false,english,,normal,false,false,false,,1785131540000
6a62f226af23e07586861817,false,87.19,93.58,91.98,67.58,436;10;3;1,time,60,-1,0,60.01,0,0,false,false,english,,normal,false,false,false,,1784869414000
6a62df75af23e07586858c8f,false,88.99,96.6,90.78,76.53,445;2;0;2,time,60,-1,0,60.01,0,0,false,false,english,,normal,false,false,false,,1784864629000
6a6192a2af23e075867ab90c,false,91.11,95.71,92.11,72.65,456;1;1;0,time,60,-1,0,60.06,0,0,false,false,english,,normal,false,false,false,,1784779426000
6a5f60ceaf23e07586689343,false,72.59,89.56,73.39,56.35,363;3;0;1,time,60,-1,0,60.01,2,0,false,false,english,,normal,false,false,false,,1784635598000
6a5f4a0faf23e0758667b571,false,83.68,86.44,83.68,66.9,50;0;0;0,words,10,-1,0,7.17,0,0,false,false,english,,normal,false,false,false,,1784629775000
6a5eec50af23e0758664a3c8,false,109.09,100,109.09,87.32,43;0;0;0,words,10,-1,0,4.73,0,0,false,false,english,,normal,false,false,false,,1784605776000
6a5db4fbaf23e075865a8657,false,72.4,91.43,74.8,65.21,181;3;0;1,time,30,-1,0,30,0,0,false,false,english,,normal,false,false,false,,1784526075000
6a5db421af23e075865a8059,false,86.77,95.76,90.77,59.99,217;2;1;0,time,30,-1,0,30.01,0,0,false,false,english,,normal,false,false,false,,1784525857000
6a5da03baf23e0758659f74e,false,94.67,89.8,113.61,85.87,40;4;1;1,words,10,-1,0,5.07,0,0,false,false,english,,normal,false,false,false,,1784520763000
6a5b03d3af23e0758648d371,false,94.64,94.34,94.64,79.59,50;0;0;0,words,10,-1,0,6.34,0,0,false,false,english,,normal,false,false,false,,1784349651000
6a59cd52af23e075863fb0a8,false,97.81,94.55,97.81,65.61,52;0;0;0,words,10,-1,0,6.38,0,0,false,false,english,,normal,false,false,false,,1784270162000
6a59cd4aaf23e075863fb065,false,106.95,96.15,106.95,65.12,50;0;0;0,words,10,-1,0,5.61,0,0,false,false,english,,normal,false,false,false,,1784270154000
6a59cd43af23e075863fb027,false,96.97,98.08,105.05,71.08,48;1;0;1,words,10,-1,0,5.94,0,0,false,false,english,,normal,false,false,false,,1784270147000
6a59cd3aaf23e075863fafdf,false,68.5,86.57,73.57,47.98,54;1;0;0,words,10,-1,0,9.46,0,0,false,false,english,,normal,false,false,false,,1784270138000
6a59cd2eaf23e075863faf82,false,95.8,93.44,95.8,67.76,57;0;0;0,words,10,-1,0,7.14,0,0,false,false,english,,normal,false,false,false,,1784270126000
6a59c8e7af23e075863f8a66,false,97.97,96.71,100.17,71.35,490;4;1;1,time,60,-1,0,60.02,0,0,false,false,english,,normal,false,false,false,,1784269031000
6a59b892af23e075863f067a,false,80.19,93.69,82.39,66.79,401;3;2;0,time,60,-1,0,60.01,0,0,false,false,english,,normal,false,false,false,,1784264850000
6a59a704af23e075863e896a,false,80,95.92,80,78,45;0;0;0,words,10,-1,0,6.75,0,0,false,false,english,,normal,false,false,false,,1784260356000
6a59a4b8af23e075863e7a53,false,97.72,91.07,97.72,69.91,50;0;0;0,words,10,-1,0,6.14,0,0,false,false,english,,normal,false,false,false,,1784259768000
6a59a362af23e075863e71c7,false,83.79,95,83.79,59.95,56;0;0;0,words,10,-1,0,8.02,0,0,false,false,english,,normal,false,false,false,,1784259426000
6a58aee1af23e0758636bd45,false,103.58,96.53,105.98,73.45,518;5;1;2,time,60,-1,0,60.01,0,0,false,false,english,,normal,false,false,false,,1784196833000
6a586084af23e07586340c96,false,92.38,93.7,92.98,72.1,462;1;0;1,time,60,-1,0,60.01,0,0,false,false,english,,normal,false,false,false,,1784176772000
6a5857aeaf23e0758633ce80,false,88.77,93.43,93.57,66.06,444;6;2;2,time,60,-1,0,60.02,0,0,false,false,english,,normal,false,false,false,,1784174510000
6a5853cfaf23e0758633b2a2,false,106.04,98.36,106.04,76.96,60;0;0;0,words,10,-1,0,6.79,0,0,false,false,english,,normal,false,false,false,,1784173519000
6a577f7caf23e075862d51cf,false,100.38,97.2,104.98,74.32,502;7;3;0,time,60,-1,0,60.01,0,0,false,false,english,,normal,false,false,false,,1784119164000
6a577ecbaf23e075862d4ad7,false,97.78,92.99,105.98,68.92,489;13;6;0,time,60,-1,0,60.01,0,0,false,false,english,,normal,false,false,false,,1784118987000
6a570272af23e07586290f98,false,118.15,100,118.15,80.68,51;0;0;0,words,10,-1,0,5.18,0,0,false,false,english,,normal,false,false,false,,1784087154000
6a570268af23e07586290f5b,false,81.24,88.89,81.24,57.76,48;0;0;0,words,10,-1,0,7.09,0,0,false,false,english,,normal,false,false,false,,1784087144000
6a562416af23e07586222555,false,93.18,94.51,95.18,69.14,466;4;1;1,time,60,-1,0,60.01,1,0,false,false,english,,normal,false,false,false,,1784030230000
6a55cd53af23e075861ef45c,false,99.18,96.83,101.78,74.49,496;4;2;0,time,60,-1,0,60.01,0,0,false,false,english,,normal,false,false,false,,1784008019000
6a55b080af23e075861e19af,false,72.51,89.09,96.07,79.31,40;4;2;0,words,10,-1,0,6.62,0,0,false,false,english,,normal,false,false,false,,1784000640000
6a55b06eaf23e075861e191c,false,123.89,100,123.89,76.72,51;0;0;0,words,10,-1,0,4.94,0,0,false,false,english,,normal,false,false,false,,1784000622000
6a55b067af23e075861e18e9,false,102.86,93.33,114.29,88.56,54;3;1;0,words,10,-1,0,6.3,0,0,false,false,english,,normal,false,false,false,,1784000615000
6a54bdb2af23e075861640df,false,88.79,95.73,88.79,70.05,444;0;0;0,time,60,-1,0,60.01,0,0,false,false,english,,normal,false,false,false,,1783938482000
6a54bd52af23e07586163d48,false,81,94.37,81,67.35,405;0;0;0,time,60,-1,0,60,0,0,false,false,english,,normal,false,false,false,,1783938386000
6a54700aaf23e0758613940d,false,88.79,96.38,88.79,65.33,444;0;0;0,time,60,-1,0,60.01,0,0,false,false,english,,normal,false,false,false,,1783918602000
6a546ecfaf23e07586138a69,false,93.78,95.92,93.78,71.53,469;0;0;0,time,60,-1,0,60.01,0,0,false,false,english,,normal,false,false,false,,1783918287000
6a546e8daf23e07586138852,false,117.7,100,117.7,81.96,46;0;0;0,words,10,-1,0,4.69,0,0,false,false,english,,normal,false,false,false,,1783918221000
6a546e87af23e07586138825,false,76.73,87.72,76.73,60.8,50;0;0;0,words,10,-1,0,7.82,0,0,false,false,english,,normal,false,false,false,,1783918215000
6a5463bcaf23e07586133ae3,false,77.82,92,96.25,77.38,38;2;1;1,words,10,-1,0,5.86,0,0,false,false,english,,normal,false,false,false,,1783915452000
6a519c84af23e07586011290,false,34.21,95.08,36.3,40.94,49;1;0;0,words,10,-1,0,17.19,1,0,false,false,english,,normal,false,false,false,,1783733380000
6a519c5eaf23e075860111d1,false,24.95,91.3,24.95,49.43,55;0;0;0,words,10,-1,0,26.45,0,0,false,false,english,,normal,false,false,false,,1783733342000
6a509e21af23e07586f92a5d,false,93.38,93.69,98.38,70.3,467;9;3;2,time,60,-1,0,60.01,0,0,false,false,english,,normal,false,false,false,,1783668257000
6a50784eaf23e07586f7fc9f,false,90.18,96.3,93.18,66.33,451;3;0;3,time,60,-1,0,60.01,0,0,false,false,english,,normal,false,false,false,,1783658574000
6a50762caf23e07586f7ee87,false,82.77,94.13,86.17,60.77,414;6;3;1,time,60,-1,0,60.02,0,0,false,false,english,,normal,false,false,false,,1783658028000
6a507045af23e07586f7c49f,false,97.04,90.2,120.71,82.11,41;5;0;2,words,10,-1,0,5.07,0,0,false,false,english,,normal,false,false,false,,1783656517000
6a4f6880af23e07586ef745d,false,83.37,91.31,86.17,64.7,417;5;2;1,time,60,-1,0,60.02,0,0,false,false,english,,normal,false,false,false,,1783588992000
6a4f66b0af23e07586ef63fb,false,92.37,93.21,93.37,62.73,462;4;0;1,time,60,-1,0,60.02,0,0,false,false,english,,normal,false,false,false,,1783588528000
6a4f63bdaf23e07586ef4732,false,130.82,100,130.82,88.5,52;0;0;0,words,10,-1,0,4.77,0,0,false,false,english,,normal,false,false,false,,1783587773000
6a4f1dd4af23e07586ed000d,false,75.19,92.45,75.19,50.72,49;0;0;0,words,10,-1,0,7.82,0,0,false,false,english,,normal,false,false,false,,1783569876000
6a4de6d5af23e07586e3101d,false,92.78,93.99,98.38,64.98,464;11;4;1,time,60,-1,0,60.01,0,0,false,false,english,,normal,false,false,false,,1783490261000
6a4dd9a6af23e07586e2aaa7,false,88.57,94.24,91.97,65.7,443;5;1;1,time,60,-1,0,60.02,0,0,false,false,english,,normal,false,false,false,,1783486886000
6a4dcdb9af23e07586e2573d,false,92.6,95.75,93.4,69.17,463;2;0;1,time,60,-1,0,60,0,0,false,false,english,,normal,false,false,false,,1783483833000
6a4dcc69af23e07586e24daa,false,105.37,100,105.37,72.72,54;0;0;0,words,10,-1,0,6.15,0,0,false,false,english,,normal,false,false,false,,1783483497000
6a4dc996af23e07586e23bd4,false,82.24,87.27,95.33,61.67,44;4;0;1,words,10,-1,0,6.42,0,0,false,false,english,,normal,false,false,false,,1783482774000
6a4ce6e4017c49d1452cb08e,false,84.17,94.16,86.17,60.25,421;3;2;0,time,60,-1,0,60.02,0,0,false,false,english,,normal,false,false,false,,1783424740000
6a4c8507017c49d1452952b2,false,97.37,95.6,100.17,71.58,487;4;1;0,time,60,-1,0,60.02,0,0,false,false,english,,normal,false,false,false,,1783399687000
6a4c8442017c49d145294d42,false,92.6,96.37,93.6,72.7,463;2;0;1,time,60,-1,0,60,0,0,false,false,english,,normal,false,false,false,,1783399490000
6a4c805c017c49d145293049,false,85.39,94.76,90.38,68.15,427;8;4;0,time,60,-1,0,60.01,0,0,false,false,english,,normal,false,false,false,,1783398492000
6a4c801d017c49d145292e6f,false,81.79,91.37,85.59,67.78,409;7;2;2,time,60,-1,0,60.01,0,0,false,false,english,,normal,false,false,false,,1783398429000
6a4c777b017c49d14528f412,false,101.2,94.23,101.2,60.66,49;0;0;0,words,10,-1,0,5.81,0,0,false,false,english,,normal,false,false,false,,1783396219000
6a4b671b61e093d47bcb1676,false,91.38,92.08,96.98,72.68,457;11;3;3,time,60,-1,0,60.01,0,0,false,false,english,,normal,false,false,false,,1783326491000
6a4b66a361e093d47bcb1200,false,91.03,94.64,113.79,73.37,44;2;0;2,words,10,-1,0,5.8,0,0,false,false,english,,normal,false,false,false,,1783326371000
6a4b669c61e093d47bcb11c0,false,80,91.84,80,56.85,45;0;0;0,words,10,-1,0,6.75,0,0,false,false,english,,normal,false,false,false,,1783326364000
6a4b669461e093d47bcb1176,false,61.09,87.27,71.27,60.13,42;1;0;1,words,10,-1,0,8.25,0,0,false,false,english,,normal,false,false,false,,1783326356000
6a4b303761e093d47bc9568d,false,75.19,86.21,75.19,59.57,49;0;0;0,words,10,-1,0,7.82,0,0,false,false,english,,normal,false,false,false,,1783312439000
6a4b26ac61e093d47bc9145b,false,119.3,100,119.3,85.87,51;0;0;0,words,10,-1,0,5.13,0,0,false,false,english,,normal,false,false,false,,1783309996000
6a488a2161e093d47bb8259f,false,72.78,90,96.47,79.89,43;2;1;2,words,10,-1,0,7.09,0,0,false,false,english,,normal,false,false,false,,1783138849000
6a488a1861e093d47bb8256d,false,94,92.73,108,64.22,47;2;1;0,words,10,-1,0,6,0,0,false,false,english,,normal,false,false,false,,1783138840000
6a48836761e093d47bb7ffff,false,125.67,100,125.67,90.42,51;0;0;0,words,10,-1,0,4.87,0,0,false,false,english,,normal,false,false,false,,1783137127000
6a47a00261e093d47bb217f8,false,77.39,90.32,80.79,52.98,387;5;1;2,time,60,-1,0,60.01,0,0,false,false,english,,normal,false,false,false,,1783078914000
6a478c5161e093d47bb1709b,false,85.39,95.59,87.79,70.42,427;7;0;3,time,60,-1,0,60.01,0,0,false,false,english,,normal,false,false,false,,1783073873000
6a478c1161e093d47bb16e45,false,82.61,95.08,82.61,57.67,57;0;0;0,words,10,-1,0,8.28,0,0,false,false,english,,normal,false,false,false,,1783073809000
6a47736161e093d47bb0982a,false,83.79,93.1,83.79,82.51,53;0;0;0,words,10,-1,0,7.59,0,0,false,false,english,,normal,false,false,false,,1783067489000
6a47418761e093d47baf0701,false,68.93,92.45,68.93,59.38,49;0;0;0,words,10,-1,0,8.53,0,0,false,false,english,,normal,false,false,false,,1783054727000
6a473ec261e093d47baef365,false,64.77,96.43,64.77,48.94,53;0;0;0,words,10,-1,0,9.82,0,0,false,false,english,,normal,false,false,false,,1783054018000
6a473a2a61e093d47baed4d7,false,83.17,92.16,95.05,67.29,42;1;0;1,words,10,-1,0,6.06,0,0,false,false,english,,normal,false,false,false,,1783052842000
6a46464061e093d47ba795f4,false,85.59,94.54,85.79,67.3,428;1;0;0,time,60,-1,0,60.01,0,0,false,false,english,,normal,false,false,false,,1782990400000
6a4645ec61e093d47ba79317,false,84.59,95.23,87.19,66.78,423;3;1;1,time,60,-1,0,60.01,0,0,false,false,english,,normal,false,false,false,,1782990316000
6a46398561e093d47ba727d3,false,87.97,93.67,87.97,67.76,440;0;0;0,time,60,-1,0,60.02,0,0,false,false,english,,normal,false,false,false,,1782987141000
6a45e3f561e093d47ba46172,false,85.19,92.55,86.79,66.46,426;7;0;2,time,60,-1,0,60.01,0,0,false,false,english,,normal,false,false,false,,1782965237000
6a45df6d61e093d47ba44481,false,84.19,96.81,84.19,64.94,421;0;0;0,time,60,-1,0,60.01,0,0,false,false,english,,normal,false,false,false,,1782964077000
6a44f4ef61e093d47b9d1d17,false,80.19,93.05,84.19,69.99,401;4;3;0,time,60,-1,0,60.01,0,0,false,false,english,,normal,false,false,false,,1782904047000
6a44cbc561e093d47b9bb555,false,76.4,92.33,76.4,62.73,382;0;0;0,time,60,-1,0,60,0,0,false,false,english,,normal,false,false,false,,1782893509000
6a44c14561e093d47b9b5c82,false,80.57,94.1,80.57,65.6,403;0;0;0,time,60,-1,0,60.02,0,0,false,false,english,,normal,false,false,false,,1782890821000
6a44c04761e093d47b9b53fa,false,76.75,93.46,79.95,56.05,96;1;0;0,time,15,-1,0,15.01,0,0,false,false,english,,normal,false,false,false,,1782890567000
6a44986661e093d47b9a16bf,false,83.94,94.74,83.94,64.77,105;0;0;0,time,15,-1,0,15.01,0,0,false,false,english,,normal,false,false,false,,1782880358000
6a4493ed61e093d47b99f76f,false,75.1,89.62,75.1,61.88,94;0;0;0,time,15,-1,0,15.02,0,0,false,false,english,,normal,false,false,false,,1782879212000
6a42460c61e093d47b87a003,false,89.48,96.58,89.48,77.45,112;0;0;0,time,15,-1,0,15.02,0,0,false,false,english,,normal,false,false,false,,1782728204000
6a4245fa61e093d47b879f46,false,91.08,95.93,91.08,64.89,114;0;0;0,time,15,-1,0,15.02,0,0,false,false,english,,normal,false,false,false,,1782728186000
6a41ee2a61e093d47b84b371,false,105.46,95.65,105.46,80.88,132;0;0;0,time,15,-1,0,15.02,0,0,false,false,english,,normal,false,false,false,,1782705706000
6a3e402061e093d47b6bd8c0,false,76.75,95.15,76.75,59.57,96;0;0;0,time,15,-1,0,15.01,0,0,false,false,english,,normal,false,false,false,,1782464544000
6a3e400e61e093d47b6bd819,false,63.2,94.05,63.2,61,79;0;0;0,time,15,-1,0,15,0,0,false,false,english,,normal,false,false,false,,1782464526000
6a3e3fec61e093d47b6bd6d8,false,81.55,95.33,81.55,66.1,102;0;0;0,time,15,-1,0,15.01,0,0,false,false,english,,normal,false,false,false,,1782464492000
6a3e3fdb61e093d47b6bd652,false,83.2,95.65,86.4,71.96,104;1;0;1,time,15,-1,0,15,0,0,false,false,english,,normal,false,false,false,,1782464475000
6a3e3fcb61e093d47b6bd5c4,false,66.4,86.54,74.4,60.63,83;4;0;2,time,15,-1,0,15,0,0,false,false,english,,normal,false,false,false,,1782464459000
6a3e3f9b61e093d47b6bd421,false,83.89,92.24,83.89,71.1,105;0;0;0,time,15,-1,0,15.02,0,0,false,false,english,,normal,false,false,false,,1782464411000
6a3e3f8961e093d47b6bd38e,false,84.8,92.98,84.8,68.57,106;0;0;0,time,15,-1,0,15,0,0,false,false,english,,normal,false,false,false,,1782464393000
6a3dfd0561e093d47b69aebe,false,91.14,97.5,94.34,78.11,114;1;0;1,time,15,-1,0,15.01,0,0,false,false,english,,normal,false,false,false,,1782447365000
6a3dfcf261e093d47b69ae39,false,95.94,96.9,102.33,76.82,120;2;1;0,time,15,-1,0,15.01,0,0,false,false,english,,normal,false,false,false,,1782447346000
6a3dfce261e093d47b69add0,false,69.6,94.57,69.6,61.04,87;0;0;0,time,15,-1,0,15,0,0,false,false,english,,normal,false,false,false,,1782447330000
6a3dfcbf61e093d47b69acda,false,74.3,94.64,74.3,66.84,53;0;0;0,words,10,-1,0,8.56,0,0,false,false,english,,normal,false,false,false,,1782447295000
6a3dfb4961e093d47b69a25c,false,84.09,91.38,94.6,71.43,48;1;0;0,words,10,-1,0,6.85,0,0,false,false,english,,normal,false,false,false,,1782446921000
6a3cd3f561e093d47b6044ce,false,93.78,94.5,95.98,72.32,469;4;2;0,time,60,-1,0,60.01,0,0,false,false,english,,normal,false,false,false,,1782371317000
6a3cd38761e093d47b6040fa,false,88.99,93.1,90.98,68.42,445;4;2;0,time,60,-1,0,60.01,0,0,false,false,english,,normal,false,false,false,,1782371207000
6a3cd34861e093d47b603ed3,false,88.8,93.5,92,64.33,111;1;1;0,time,15,-1,0,15,0,0,false,false,english,,normal,false,false,false,,1782371144000
6a3cd33461e093d47b603e1d,false,101.46,97.73,103.86,71.19,127;1;0;0,time,15,-1,0,15.02,0,0,false,false,english,,normal,false,false,false,,1782371124000
6a3cd31961e093d47b603d2c,false,107.06,99.26,107.06,82.69,134;0;0;0,time,15,-1,0,15.02,0,0,false,false,english,,normal,false,false,false,,1782371097000
6a3ca90561e093d47b5eee85,false,83.94,89.6,87.14,69.44,105;2;0;2,time,15,-1,0,15.01,0,0,false,false,english,,normal,false,false,false,,1782360325000
6a3bc69961e093d47b57f7d3,false,95.14,96.06,100.73,76.43,119;3;1;0,time,15,-1,0,15.01,0,0,false,false,english,,normal,false,false,false,,1782302361000
6a3bc68861e093d47b57f701,false,92.74,96.67,92.74,62.65,116;0;0;0,time,15,-1,0,15.01,0,0,false,false,english,,normal,false,false,false,,1782302344000
6a3babbb61e093d47b570228,false,72.75,91.18,72.75,54.12,91;0;0;0,time,15,-1,0,15.01,0,0,false,false,english,,normal,false,false,false,,1782295483000
6a3ba85661e093d47b56e314,false,78.4,92.73,82.4,67.1,98;3;0;0,time,15,-1,0,15,0,0,false,false,english,,normal,false,false,false,,1782294614000
6a3ba83661e093d47b56e1ef,false,75.95,90.65,79.15,68.5,95;2;0;1,time,15,-1,0,15.01,0,0,false,false,english,,normal,false,false,false,,1782294582000
6a3ba64f61e093d47b56cfa8,false,98.33,98.4,98.33,73.47,123;0;0;0,time,15,-1,0,15.01,0,0,false,false,english,,normal,false,false,false,,1782294095000
6a3b91d261e093d47b561225,false,83.94,92.11,83.94,62.55,105;0;0;0,time,15,-1,0,15.01,0,0,false,false,english,,normal,false,false,false,,1782288850000
6a3b91bb61e093d47b561155,false,100,98.48,100,78.36,125;0;0;0,time,15,-1,0,15,0,0,false,false,english,,normal,false,false,false,,1782288827000
6a3b91ab61e093d47b5610d5,false,97.53,92.81,102.33,72.85,122;2;1;0,time,15,-1,0,15.01,0,0,false,false,english,,normal,false,false,false,,1782288811000
6a3b906261e093d47b560511,false,115.12,97.3,115.12,77.84,144;0;0;0,time,15,-1,0,15.01,0,0,false,false,english,,normal,false,false,false,,1782288482000
6a3b867861e093d47b55af44,false,105.6,97.78,105.6,74.65,132;0;0;0,time,15,-1,0,15,0,0,false,false,english,,normal,false,false,false,,1782285944000
6a3b7cf661e093d47b555885,false,71.95,89.38,85.54,62.51,90;4;2;0,time,15,-1,0,15.01,0,0,false,false,english,,normal,false,false,false,,1782283510000
6a3b78f461e093d47b553524,false,82.29,91.96,82.29,72.83,103;0;0;0,time,15,-1,0,15.02,0,0,false,false,english,,normal,false,false,false,,1782282484000
6a3b77f061e093d47b552bc4,false,80.75,89.66,83.14,64.16,101;1;0;1,time,15,-1,0,15.01,0,0,false,false,english,,normal,false,false,false,,1782282224000
6a3b77df61e093d47b552b31,false,93.54,96,97.53,74.96,117;2;0;1,time,15,-1,0,15.01,0,0,false,false,english,,normal,false,false,false,,1782282207000
6a3b68b261e093d47b54b020,false,87.14,92.97,99.13,78.24,109;4;1;2,time,15,-1,0,15.01,0,0,false,false,english,,normal,false,false,false,,1782278322000
6a3b689661e093d47b54af33,false,85.6,94.74,85.6,59.03,107;0;0;0,time,15,-1,0,15,0,0,false,false,english,,normal,false,false,false,,1782278294000
6a3b607361e093d47b546ff9,false,94.34,95.31,94.34,60.37,118;0;0;0,time,15,-1,0,15.01,0,0,false,false,english,,normal,false,false,false,,1782276211000
6a3b543161e093d47b54132b,false,85.59,96.44,86.99,72.19,428;2;1;1,time,60,-1,0,60.01,0,0,false,false,english,,normal,false,false,false,,1782273073000
6a3b53f161e093d47b541158,false,83.04,91.07,83.04,68.76,51;0;0;0,words,10,-1,0,7.37,0,0,false,false,english,,normal,false,false,false,,1782273009000
6a3b4ec761e093d47b53ed4b,false,92.69,93.33,92.69,72.85,56;0;0;0,words,10,-1,0,7.25,0,0,false,false,english,,normal,false,false,false,,1782271687000
6a3a75f461e093d47b4d291c,false,78.86,88.14,92.57,75.75,46;2;1;0,words,10,-1,0,7,0,0,false,false,english,,normal,false,false,false,,1782216180000
6a3a4a9361e093d47b4b88d6,false,98.03,96.43,98.03,57.67,54;0;0;0,words,10,-1,0,6.61,0,0,false,false,english,,normal,false,false,false,,1782205075000
6a38d00361e093d47b3ed8e6,false,96.97,91.23,111.11,78.28,48;2;1;0,words,10,-1,0,5.94,0,0,false,false,english,,normal,false,false,false,,1782108163000
6a364815728146d3e883a7fb,false,87.94,88.55,99.13,68.59,110;7;2;0,time,15,-1,0,15.01,0,0,false,false,english,,normal,false,false,false,,1781942293000
6a364767728146d3e883a372,false,103.93,94.29,107.93,65.53,130;3;0;0,time,15,-1,0,15.01,0,0,false,false,english,,normal,false,false,false,,1781942119000
6a364756728146d3e883a2f1,false,88.8,88.28,92.8,63.24,111;2;1;0,time,15,-1,0,15,0,0,false,false,english,,normal,false,false,false,,1781942102000
6a364704728146d3e883a0a2,false,94.34,94.44,94.34,71.9,118;0;0;0,time,15,-1,0,15.01,0,0,false,false,english,,normal,false,false,false,,1781942020000
6a363ede728146d3e8836314,false,98.33,92.86,109.53,69.78,123;5;2;0,time,15,-1,0,15.01,0,0,false,false,english,,normal,false,false,false,,1781939934000
6a363e6b728146d3e8835faf,false,95.94,88.19,103.13,74.83,120;3;2;1,time,15,-1,0,15.01,0,0,false,false,english,,normal,false,false,false,,1781939819000
6a363441728146d3e883146a,false,88.95,93.44,88.95,66.93,57;0;0;0,words,10,-1,0,7.69,0,0,false,false,english,,normal,false,false,false,,1781937217000
6a3633d2728146d3e8831134,false,115.23,98.31,115.23,72.2,58;0;0;0,words,10,-1,0,6.04,0,0,false,false,english,,normal,false,false,false,,1781937106000
6a363367728146d3e8830e10,false,92.31,94,112.57,81.3,41;2;1;0,words,10,-1,0,5.33,0,0,false,false,english,,normal,false,false,false,,1781936999000
6a363359728146d3e8830d93,false,116.13,100,116.13,81.84,51;0;0;0,words,10,-1,0,5.27,0,0,false,false,english,,normal,false,false,false,,1781936985000
6a3614a5728146d3e8823853,false,86.79,91.98,92.98,67.85,434;11;4;1,time,60,-1,0,60.01,0,0,false,false,english,,normal,false,false,false,,1781929125000
6a3530bd728146d3e87bcff4,true,105.58,96.04,105.98,75.14,528;2;0;0,time,60,-1,0,60.01,0,0,false,false,english,,normal,false,false,false,,1781870781000
6a353065728146d3e87bcc88,false,96.77,92.32,98.37,64.35,484;2;1;0,time,60,-1,0,60.02,0,0,false,false,english,,normal,false,false,false,,1781870693000
6a34f82fb7b5429521db8c6d,false,89.57,94.14,89.57,63.63,448;0;0;0,time,60,-1,0,60.02,0,0,false,false,english,,normal,false,false,false,,1781856303000
6a34f7e4b7b5429521db8971,false,84.51,95.08,84.51,66.9,55;0;0;0,words,10,-1,0,7.81,0,0,false,false,english,,normal,false,false,false,,1781856228000
6a34f7dbb7b5429521db891d,false,78.32,85.07,78.32,67.32,56;0;0;0,words,10,-1,0,8.58,0,0,false,false,english,,normal,false,false,false,,1781856219000
6a34f7d1b7b5429521db88b7,false,119.76,98.04,119.76,88.87,50;0;0;0,words,10,-1,0,5.01,1,0,false,false,english,,normal,false,false,false,,1781856209000
6a34f7cab7b5429521db8876,false,120.71,96.23,120.71,76.47,51;0;0;0,words,10,-1,0,5.07,0,0,false,false,english,,normal,false,false,false,,1781856202000
6a34f7c4b7b5429521db883c,false,101.28,97.87,101.28,73.96,46;0;0;0,words,10,-1,0,5.45,0,0,false,false,english,,normal,false,false,false,,1781856196000
6a3366f22e28a2307f1f4d43,false,83.19,92.44,84.39,62.9,416;2;1;0,time,60,-1,0,60.01,0,0,false,false,english,,normal,false,false,false,,1781753586000
6a3366a72e28a2307f1f4b7e,false,101.2,98,101.2,72.04,49;0;0;0,words,10,-1,0,5.81,0,0,false,false,english,,normal,false,false,false,,1781753511000
6a33669f2e28a2307f1f4b46,false,106.06,96.43,106.06,78.72,54;0;0;0,words,10,-1,0,6.11,0,0,false,false,english,,normal,false,false,false,,1781753503000
6a3366982e28a2307f1f4b13,false,90.53,95,104.73,70.61,51;2;0;0,words,10,-1,0,6.76,0,0,false,false,english,,normal,false,false,false,,1781753496000
6a3366902e28a2307f1f4ad6,false,101.99,96.08,110.67,79.96,47;2;0;0,words,10,-1,0,5.53,0,0,false,false,english,,normal,false,false,false,,1781753488000
6a3366872e28a2307f1f4a90,false,88.7,86.89,95.65,69.5,51;2;0;0,words,10,-1,0,6.9,0,0,false,false,english,,normal,false,false,false,,1781753479000
6a326a8c79993661ebf9cb98,false,128,100,128,95.38,56;0;0;0,words,10,-1,0,5.25,0,0,false,false,english,,normal,false,false,false,,1781688972000
6a3269b579993661ebf9c3ae,false,84.6,89.86,95.2,71.64,423;19;3;7,time,60,-1,0,60,0,0,false,false,english,,normal,false,false,false,,1781688757000
6a323e71517dbf573c70e2c0,false,107.8,90.91,124.82,78.79,38;3;1;0,words,10,-1,0,4.23,0,0,false,false,english,,normal,false,false,false,,1781677681000
6a323e3f517dbf573c70e104,false,118.79,100,118.79,77.78,49;0;0;0,words,10,-1,0,4.95,0,0,false,false,english,,normal,false,false,false,,1781677631000
6a323898517dbf573c70aefe,false,100.18,90.38,100.18,66.17,47;0;0;0,words,10,-1,0,5.63,0,0,false,false,english,,normal,false,false,false,,1781676184000
6a32358c517dbf573c7095e3,false,74.64,91.3,88.04,60.47,39;4;0;0,words,10,-1,0,6.27,0,0,false,false,english,,normal,false,false,false,,1781675404000
6a30e1d1477ba014a77dc6eb,false,106.38,100,106.38,82.01,50;0;0;0,words,10,-1,0,5.64,0,0,false,false,english,,normal,false,false,false,,1781588433000
6a2a5343b09034fd268e053c,false,85.81,95.59,85.81,70.61,429;0;0;0,time,60,-1,0,59.99,0,0,false,false,english,,normal,false,false,false,,1781158723000
6a2a52f2b09034fd268e0278,false,89.6,95.76,89.6,69.61,224;0;0;0,time,30,-1,0,30,0,0,false,false,english,,normal,false,false,false,,1781158642000
6a2a3284b09034fd268d0331,false,103.6,99.23,103.6,76.23,259;0;0;0,time,30,-1,0,30,0,0,false,false,english,,normal,false,false,false,,1781150340000
6a2a31bbb09034fd268cfd7b,false,74,92.61,74,68.15,185;0;0;0,time,30,-1,0,30,0,0,false,false,english,,normal,false,false,false,,1781150139000
6a2a2fd2b09034fd268cef66,false,80,96.15,80,63.92,200;0;0;0,time,30,-1,0,30,0,0,false,false,english,,normal,false,false,false,,1781149650000
6a2a2f4cb09034fd268ceb3b,false,51.62,96.99,51.62,76.21,129;0;0;0,time,30,-1,0,29.99,0,0,false,false,english,,normal,false,false,false,,1781149516000
6a2a2f2cb09034fd268cea59,false,70.42,94.15,70.42,57.63,176;0;0;0,time,30,-1,0,29.99,0,0,false,false,english,,normal,false,false,false,,1781149484000
6a2a2e0bb09034fd268ce1b7,false,88.77,94.21,90.77,69.15,222;3;0;1,time,30,-1,0,30.01,0,0,false,false,english,,normal,false,false,false,,1781149195000
6a293d79739eecf80e3e7d65,false,81.2,93.24,84,66.98,203;3;0;0,time,30,-1,0,30,0,0,false,false,english,,normal,false,false,false,,1781087609000
6a293d0e739eecf80e3e7974,false,76.8,90.87,78.8,60.77,192;2;0;1,time,30,-1,0,30,0,0,false,false,english,,normal,false,false,false,,1781087502000
6a292fc4739eecf80e3df5d2,false,93.6,95.28,98.4,68.65,117;2;0;0,time,15,-1,0,15,0,0,false,false,english,,normal,false,false,false,,1781084100000
6a292f36739eecf80e3defd1,false,72,86.92,72,63.86,90;0;0;0,time,15,-1,0,15,0,0,false,false,english,,normal,false,false,false,,1781083958000
6a292d62739eecf80e3dde03,false,70.4,91.35,78.4,58.07,88;5;0;0,time,15,-1,0,15,0,0,false,false,english,,normal,false,false,false,,1781083490000
6a292a9f739eecf80e3dc38b,false,90.4,93.5,94.4,79.99,113;3;0;1,time,15,-1,0,15,0,0,false,false,english,,normal,false,false,false,,1781082783000
6a291bf9739eecf80e3d3e30,false,88.8,95.76,91.2,74.63,111;1;0;1,time,15,-1,0,15,0,0,false,false,english,,normal,false,false,false,,1781079033000
6a291b7b739eecf80e3d39c5,false,80.85,89.83,88.86,78.8,101;7;0;1,time,15,-1,0,14.99,0,0,false,false,english,,normal,false,false,false,,1781078907000
6a291b5f739eecf80e3d38da,false,81.65,94.5,81.65,61.27,102;0;0;0,time,15,-1,0,14.99,0,0,false,false,english,,normal,false,false,false,,1781078879000
6a290d08739eecf80e3cb8ab,true,64.04,97.65,64.04,67.36,80;0;0;0,time,15,-1,0,14.99,0,0,false,false,english_10k,,normal,false,false,false,,1781075208000
6a290cf2739eecf80e3cb7ea,false,99.2,91.49,104.8,81.45,124;3;0;0,time,15,-1,0,15,0,0,false,false,english,,normal,false,false,false,,1781075186000
6a29086b739eecf80e3c8ef7,false,108.87,97.18,112.88,78.57,136;3;0;0,time,15,-1,0,14.99,0,0,false,false,english,,normal,false,false,false,,1781074027000
6a29076d739eecf80e3c870d,false,93.54,96.72,93.54,60.4,117;0;0;0,time,15,-1,0,15.01,0,0,false,false,english,,normal,false,false,false,,1781073773000
6a28f269739eecf80e3bce2e,false,65.6,88.24,73.6,59.06,82;5;0;2,time,15,-1,0,15,0,0,false,false,english,,normal,false,false,false,,1781068393000
6a28f248739eecf80e3bcd27,false,100.8,97.74,104.8,80.31,126;1;0;1,time,15,-1,0,15,0,0,false,false,english,,normal,false,false,false,,1781068360000
6a28f222739eecf80e3bcbfb,false,68,89.9,68,61.37,85;0;0;0,time,15,-1,0,15,0,0,false,false,english,,normal,false,false,false,,1781068322000
6a28f210739eecf80e3bcb67,false,87.26,98.2,87.26,77.5,109;0;0;0,time,15,-1,0,14.99,0,0,false,false,english,,normal,false,false,false,,1781068304000
6a28f1ff739eecf80e3bcabc,false,60,88.66,71.2,60.95,75;4;0;2,time,15,-1,0,15,0,0,false,false,english,,normal,false,false,false,,1781068287000
6a28f1ed739eecf80e3bca37,false,77.6,93.64,84.8,64.57,97;3;0;2,time,15,-1,0,15,0,0,false,false,english,,normal,false,false,false,,1781068269000
6a28f1dd739eecf80e3bc9b5,false,85.6,93.16,88,65.86,107;2;0;0,time,15,-1,0,15,0,0,false,false,english,,normal,false,false,false,,1781068253000
6a28f1b8739eecf80e3bc89c,false,84.86,95.58,88.06,65.78,106;2;0;0,time,15,-1,0,14.99,0,0,false,false,english,,normal,false,false,false,,1781068216000
6a28f1a7739eecf80e3bc813,false,76.05,95.19,76.05,58.74,95;0;0;0,time,15,-1,0,14.99,0,0,false,false,english,,normal,false,false,false,,1781068199000
6a28f195739eecf80e3bc7a1,false,85.6,99.08,85.6,70.08,107;0;0;0,time,15,-1,0,15,0,0,false,false,english,,normal,false,false,false,,1781068181000
6a28f184739eecf80e3bc711,false,76,89.91,76,71.81,95;0;0;0,time,15,-1,0,15,0,0,false,false,english,,normal,false,false,false,,1781068164000
6a28ee15739eecf80e3baa6e,false,100,94.07,104.8,78.92,125;6;0;1,time,15,-1,0,15,0,0,false,false,english,,normal,false,false,false,,1781067285000
6a28ea1e739eecf80e3b8a32,false,81.6,93.86,87.2,70.46,102;2;0;1,time,15,-1,0,15,0,0,false,false,english,,normal,false,false,false,,1781066270000
6a28ea0e739eecf80e3b89a2,false,76,89.91,76.8,61.59,95;1;0;0,time,15,-1,0,15,0,0,false,false,english,,normal,false,false,false,,1781066254000
6a28e972739eecf80e3b8493,false,86.46,94.35,96.86,63.73,108;5;0;2,time,15,-1,0,14.99,0,0,false,false,english,,normal,false,false,false,,1781066098000
6a28e952739eecf80e3b8393,false,107.2,97.84,110.4,78.25,134;2;0;1,time,15,-1,0,15,0,0,false,false,english,,normal,false,false,false,,1781066066000
6a28e941739eecf80e3b82ed,false,67.2,88.89,67.2,66.44,84;0;0;0,time,15,-1,0,15,0,0,false,false,english,,normal,false,false,false,,1781066049000
6a28e583739eecf80e3b6415,false,81,94.47,81.2,58,405;1;0;0,time,60,-1,0,60,0,0,false,false,english,,normal,false,false,false,,1781065090000
6a27becd68023481c97478f6,false,77.19,90.91,78.39,57.66,386;1;0;1,time,60,-1,0,60.01,0,0,false,false,english,,normal,false,false,false,,1780989644000
6a27a7f168023481c973a2f5,false,91.22,95.17,95.62,69.14,456;5;1;2,time,60,-1,0,59.99,0,0,false,false,english,,normal,false,false,false,,1780983793000
6a27a6b368023481c97398e1,false,77,90.02,78,59.91,385;2;0;0,time,60,-1,0,60,0,0,false,false,english,,normal,false,false,false,,1780983475000
6a27a63468023481c97394ee,false,99.2,97.28,99.2,72.18,496;0;0;0,time,60,-1,0,60,0,0,false,false,english,,normal,false,false,false,,1780983348000
6a27a5f468023481c97392cf,false,91.26,91.54,95.26,82.8,114;2;0;0,time,15,-1,0,14.99,0,0,false,false,english,,normal,false,false,false,,1780983284000
6a27a5e468023481c9739246,false,86.34,94.78,86.34,60.27,108;0;0;0,time,15,-1,0,15.01,0,0,false,false,english,,normal,false,false,false,,1780983268000
6a27a5d368023481c97391cc,false,80.85,90.08,90.46,71.21,101;6;0;0,time,15,-1,0,14.99,0,0,false,false,english,,normal,false,false,false,,1780983251000
6a27a3af68023481c9738062,false,102.4,94.81,104,65.58,128;2;0;0,time,15,-1,0,15,0,0,false,false,english,,normal,false,false,false,,1780982703000
6a2798ff68023481c9732af3,false,83.61,90.3,85.53,68.88,261;3;1;0,words,50,-1,0,37.46,0,0,false,false,english,,normal,false,false,false,,1780979967000
6a278a1f68023481c972b9bc,false,89.63,96.17,89.63,65.74,224;0;0;0,time,30,-1,0,29.99,0,0,false,false,english,,normal,false,false,false,,1780976159000
6a2789ee68023481c972b880,false,88,94.26,93.6,61.17,220;5;0;2,time,30,-1,0,30,0,0,false,false,english,,normal,false,false,false,,1780976110000
6a26a65c21281d8f3a3f9f64,false,98.03,95.04,100.43,71.81,245;2;1;0,time,30,-1,0,29.99,0,0,false,false,english,,normal,false,false,false,,1780917852000
6a26a33821281d8f3a3f829d,false,96.4,94.54,96.4,71,482;0;0;0,time,60,-1,0,60,0,0,false,false,english,,normal,false,false,false,,1780917048000
6a2695d721281d8f3a3f018d,false,79.2,89.98,80.2,63.21,396;2;0;1,time,60,-1,0,60,0,0,false,false,english,,normal,false,false,false,,1780913623000
6a268d5121281d8f3a3eaad1,false,83.21,92.58,83.61,62.2,416;2;0;0,time,60,-1,0,59.99,0,0,false,false,english,,normal,false,false,false,,1780911441000
6a268d0721281d8f3a3ea7fa,false,82.81,92.34,83.41,60.52,414;1;0;0,time,60,-1,0,59.99,0,0,false,false,english,,normal,false,false,false,,1780911367000
6a268cb521281d8f3a3ea4cb,false,77.41,91.86,78.81,60.76,387;1;0;1,time,60,-1,0,59.99,0,0,false,false,english,,normal,false,false,false,,1780911285000
6a268c6621281d8f3a3ea198,false,92.74,93.08,99.93,72.81,116;4;0;1,time,15,-1,0,15.01,0,0,false,false,english,,normal,false,false,false,,1780911206000
6a268c5521281d8f3a3ea0f6,false,103.2,90.21,103.2,73.23,129;0;0;0,time,15,-1,0,15,0,0,false,false,english,,normal,false,false,false,,1780911189000
6a26894121281d8f3a3e81b0,false,104.87,97.78,104.87,74.34,131;0;0;0,time,15,-1,0,14.99,0,0,false,false,english,,normal,false,false,false,,1780910401000
6a2655a921281d8f3a3cae25,false,77.6,92.45,77.6,62.23,97;0;0;0,time,15,-1,0,15,0,0,false,false,english,,normal,false,false,false,,1780897193000
6a26559721281d8f3a3cad80,false,99.27,97.64,99.27,68.94,124;0;0;0,time,15,-1,0,14.99,0,0,false,false,english,,normal,false,false,false,,1780897174000
6a26557c21281d8f3a3caca1,false,79.25,93.64,79.25,58.47,99;0;0;0,time,15,-1,0,14.99,0,0,false,false,english,,normal,false,false,false,,1780897148000
6a2654f721281d8f3a3ca818,false,74.4,92.23,78.4,62.46,93;3;0;1,time,15,-1,0,15,0,0,false,false,english,,normal,false,false,false,,1780897015000
6a26512e21281d8f3a3c897f,false,42.4,84.85,42.4,46.51,53;0;0;0,time,15,-1,0,15,0,0,false,false,english,,normal,false,false,false,,1780896046000
6a26509221281d8f3a3c852e,false,60.04,82,65.64,55.66,75;0;1;0,time,15,-1,0,14.99,0,0,false,false,english,,normal,false,false,false,,1780895890000
6a264efe21281d8f3a3c7936,false,60.8,88.64,60.8,51.13,76;0;0;0,time,15,-1,0,15,0,0,false,false,english,,normal,false,false,false,,1780895486000
6a26444021281d8f3a3c26be,false,66.44,88.3,66.44,57.03,83;0;0;0,time,15,-1,0,14.99,0,0,false,false,english,,normal,false,false,false,,1780892736000
6a26442f21281d8f3a3c262d,false,76.8,89.38,84,72.64,96;4;0;1,time,15,-1,0,15,0,0,false,false,english,,normal,false,false,false,,1780892719000
6a26441f21281d8f3a3c25b5,false,85.66,92.24,85.66,60.38,107;0;0;0,time,15,-1,0,14.99,0,0,false,false,english,,normal,false,false,false,,1780892703000
6a26437221281d8f3a3c20c2,false,96.8,96.8,96.8,69.12,121;0;0;0,time,15,-1,0,15,0,0,false,false,english,,normal,false,false,false,,1780892530000
6a23db91e350e3df15da8466,false,81.6,96.3,81.6,73.55,102;0;0;0,time,15,-1,0,15,0,0,false,false,english,,normal,false,false,false,,1780734865000
6a23da5be350e3df15da7bac,false,77.65,91.67,77.65,67.85,97;0;0;0,time,15,-1,0,14.99,0,0,false,false,english,,normal,false,false,false,,1780734555000
6a23da0de350e3df15da794b,false,72.85,90.38,77.65,52.25,91;2;2;0,time,15,-1,0,14.99,0,0,false,false,english,,normal,false,false,false,,1780734477000
6a23d5f2e350e3df15da5ada,false,90.46,92,92.86,73.47,113;1;0;0,time,15,-1,0,14.99,0,0,false,false,english,,normal,false,false,false,,1780733426000
6a23d5e3e350e3df15da5a64,false,60.76,85.39,60.76,44.01,76;0;0;0,time,15,-1,0,15.01,0,0,false,false,english,,normal,false,false,false,,1780733411000
6a23b42ce350e3df15d96702,false,79.95,89.29,79.95,51.7,100;0;0;0,time,15,-1,0,15.01,0,0,false,false,english,,normal,false,false,false,,1780724780000
6a23aee6e350e3df15d94114,false,80,95.45,85.6,73.34,100;2;0;2,time,15,-1,0,15,0,0,false,false,english,,normal,false,false,false,,1780723430000
6a23aeb3e350e3df15d93f92,false,49.63,86.84,56.04,60.24,62;4;1;1,time,15,-1,0,14.99,0,0,false,false,typing_of_the_dead,,normal,false,false,false,,1780723379000
6a23ae9ee350e3df15d93ee7,false,55.2,91.14,58.4,71.03,69;1;0;0,time,15,-1,0,15,0,0,false,false,typing_of_the_dead,,normal,false,false,false,,1780723358000
6a23ae8de350e3df15d93e6c,false,60,89.77,63.2,67.74,75;1;0;1,time,15,-1,0,15,0,0,false,false,typing_of_the_dead,,normal,false,false,false,,1780723341000
6a23ae65e350e3df15d93d4c,false,65.64,92.31,70.45,62.2,82;4;0;1,time,15,-1,0,14.99,0,0,false,false,typing_of_the_dead,,normal,false,false,false,,1780723301000
6a23ae51e350e3df15d93cd4,false,62.4,90.91,65.6,69.6,78;2;0;1,time,15,-1,0,15,0,0,false,false,typing_of_the_dead,,normal,false,false,false,,1780723281000
6a23ae3ee350e3df15d93c56,true,69.55,94.68,72.75,71.18,87;2;0;0,time,15,-1,0,15.01,0,0,false,false,typing_of_the_dead,,normal,false,false,false,,1780723262000
6a23ad87e350e3df15d9377f,false,96.74,93.98,99.93,73.04,121;1;0;1,time,15,-1,0,15.01,0,0,false,false,english,,normal,false,false,false,,1780723079000
6a23aa9be350e3df15d92418,false,72.8,88.29,77.6,65.19,91;2;0;0,time,15,-1,0,15,0,0,false,false,english,,normal,false,false,false,,1780722331000
6a239e10e350e3df15d8d641,false,75.9,91.43,77.5,63.13,95;1;0;0,time,15,-1,0,15.02,0,0,false,false,english,,normal,false,false,false,,1780719120000
6a239e00e350e3df15d8d5ea,false,79.25,89.29,79.25,54.48,99;0;0;0,time,15,-1,0,14.99,1,0,false,false,english,,normal,false,false,false,,1780719104000
6a239dd9e350e3df15d8d520,false,92.4,95.45,92.4,69.65,231;0;0;0,time,30,-1,0,30,0,0,false,false,english,,normal,false,false,false,,1780719065000
6a239db4e350e3df15d8d433,false,92.8,97.11,92.8,71.39,232;0;0;0,time,30,-1,0,30,0,0,false,false,english,,normal,false,false,false,,1780719028000
6a239d91e350e3df15d8d36c,false,80.03,93.58,82.03,66.69,200;1;0;1,time,30,-1,0,29.99,0,0,false,false,english,,normal,false,false,false,,1780718993000
6a2399b1e350e3df15d8bc22,false,88.83,93.33,88.83,63.78,222;0;0;0,time,30,-1,0,29.99,0,0,false,false,english,,normal,false,false,false,,1780718001000
6a239899e350e3df15d8b57f,false,75.6,88.74,80,54.48,189;4;0;1,time,30,-1,0,30,0,0,false,false,english,,normal,false,false,false,,1780717721000
6a22a353b3932871c5a8a0a1,false,78.43,94.04,78.43,62.42,196;0;0;0,time,30,-1,0,29.99,0,0,false,false,english,,normal,false,false,false,,1780654931000
6a22a318b3932871c5a89eaf,false,106.44,96.39,106.44,74.88,266;0;0;0,time,30,-1,0,29.99,0,0,false,false,english,,normal,false,false,false,,1780654872000
6a2292f7b3932871c5a8110c,false,91.26,92.54,100.07,68.75,114;3;2;1,time,15,-1,0,14.99,0,0,false,false,english,,normal,false,false,false,,1780650743000
6a2292e5b3932871c5a8105a,false,100.8,97.67,100.8,70.34,126;0;0;0,time,15,-1,0,15,0,0,false,false,english,,normal,false,false,false,,1780650725000
6a228fc3b3932871c5a7f2eb,false,84.8,93.22,91.2,65.63,106;4;0;2,time,15,-1,0,15,0,0,false,false,english,,normal,false,false,false,,1780649923000
6a228f99b3932871c5a7f11d,false,69.65,86.41,72.85,42.07,87;3;0;1,time,15,-1,0,14.99,0,0,false,false,english,,normal,false,false,false,,1780649881000
6a2279244288a038a0283144,false,78.41,92.4,80.61,61.96,392;5;0;0,time,60,-1,0,59.99,0,0,false,false,english,,normal,false,false,false,,1780644132000
6a2278e54288a038a0282ee0,false,82.2,92.76,83,68.3,411;3;0;0,time,60,-1,0,60,0,0,false,false,english,,normal,false,false,false,,1780644069000
6a2168704127c7c12ce02c97,false,74.21,91.4,74.21,58.93,371;0;0;0,time,60,-1,0,59.99,0,0,false,false,english,,normal,false,false,false,,1780574320000
6a21682e4127c7c12ce02a3d,false,73.61,88.96,77.81,57.29,368;14;0;0,time,60,-1,0,59.99,0,0,false,false,english,,normal,false,false,false,,1780574254000
6a215b774127c7c12cdfb3ca,false,73.8,91.17,77.6,63.36,369;13;0;1,time,60,-1,0,60,0,0,false,false,english,,normal,false,false,false,,1780570999000
6a215b3a4127c7c12cdfb1d4,false,81.19,93.99,82.59,65.12,406;1;1;0,time,60,-1,0,60.01,0,0,false,false,english,,normal,false,false,false,,1780570938000
6a215af54127c7c12cdfafa9,false,79.2,96.15,80.8,62.97,99;1;0;0,time,15,-1,0,15,0,0,false,false,english,,normal,false,false,false,,1780570869000
6a2157634127c7c12cdf8ed8,false,92,96.64,92,74.6,115;0;0;0,time,15,-1,0,15,0,0,false,false,english,,normal,false,false,false,,1780569955000
6a2157534127c7c12cdf8e56,false,75.2,89.52,76.8,57.02,94;2;0;1,time,15,-1,0,15,0,0,false,false,english,,normal,false,false,false,,1780569939000
6a21573b4127c7c12cdf8d6a,false,71.25,91.84,71.25,53.35,89;0;0;0,time,15,-1,0,14.99,0,0,false,false,english,,normal,false,false,false,,1780569915000
6a2157134127c7c12cdf8bd2,false,79.95,91.74,79.95,65.39,100;0;0;0,time,15,-1,0,15.01,0,0,false,false,english,,normal,false,false,false,,1780569875000
6a2157034127c7c12cdf8b21,false,76.05,90.91,76.05,69.04,95;0;0;0,time,15,-1,0,14.99,0,0,false,false,english,,normal,false,false,false,,1780569859000
6a2156f24127c7c12cdf8a74,false,86.46,96.49,86.46,75.6,108;0;0;0,time,15,-1,0,14.99,0,0,false,false,english,,normal,false,false,false,,1780569842000
6a21249c4127c7c12cddb862,false,79.15,93.04,88.74,67.47,99;4;0;1,time,15,-1,0,15.01,0,0,false,false,english,,normal,false,false,false,,1780556956000
6a2114cb4127c7c12cdd2818,false,84,89.76,98.4,64.22,105;9;0;1,time,15,-1,0,15,0,0,false,false,english,,normal,false,false,false,,1780552907000
6a2113444127c7c12cdd1b38,false,77.6,92.45,77.6,61.88,97;0;0;0,time,15,-1,0,15,0,0,false,false,english,,normal,false,false,false,,1780552516000
6a2112ec4127c7c12cdd1890,false,84.86,92.5,92.06,71.13,106;4;0;2,time,15,-1,0,14.99,0,0,false,false,english,,normal,false,false,false,,1780552428000
6a210f744127c7c12cdcfcdb,false,79.41,91.46,79.41,66.05,397;0;0;0,time,60,-1,0,59.99,0,0,false,false,english,,normal,false,false,false,,1780551540000
6a210f2c4127c7c12cdcfab8,false,82.4,90.16,85.6,62.22,103;2;0;0,time,15,-1,0,15,0,0,false,false,english,,normal,false,false,false,,1780551468000
6a210c894127c7c12cdce5b5,false,88.86,90.3,100.07,73.05,111;6;0;0,time,15,-1,0,14.99,0,0,false,false,english,,normal,false,false,false,,1780550793000
6a20f3244127c7c12cdc225d,false,101.67,93.53,105.67,78.98,127;3;0;0,time,15,-1,0,14.99,0,0,false,false,english,,normal,false,false,false,,1780544292000
6a20f30f4127c7c12cdc21d1,false,75.97,90.91,91.51,65.89,44;3;0;0,words,10,-1,0,6.95,0,0,false,false,english,,normal,false,false,false,,1780544271000
6a20f3034127c7c12cdc217b,false,82.47,90.74,82.47,87.84,49;0;0;0,words,10,-1,0,7.13,0,0,false,false,english,,normal,false,false,false,,1780544259000
6a1fd33e02c8b17f6cccdf64,false,80,88.33,88,68.66,50;2;0;1,words,10,-1,0,7.5,0,0,false,false,english,,normal,false,false,false,,1780470590000
6a1fd32b02c8b17f6cccde9a,false,87.3,92.86,87.3,73.28,51;0;0;0,words,10,-1,0,7.01,0,0,false,false,english,,normal,false,false,false,,1780470571000
6a1fd32302c8b17f6cccde4a,false,78.97,88.14,78.97,56.73,51;0;0;0,words,10,-1,0,7.75,0,0,false,false,english,,normal,false,false,false,,1780470563000
6a1fd31602c8b17f6cccddd4,false,85.83,91.38,85.83,65.61,53;0;0;0,words,10,-1,0,7.41,0,0,false,false,english,,normal,false,false,false,,1780470550000
6a1fcd7f02c8b17f6ccca99e,false,88.97,93.88,101.99,72.42,41;1;0;1,words,10,-1,0,5.53,0,0,false,false,english,,normal,false,false,false,,1780469119000
6a1fcd7502c8b17f6ccca93a,false,95.71,94.47,97.74,67.84,236;3;0;0,words,50,-1,0,29.59,0,0,false,false,english,,normal,false,false,false,,1780469109000
6a1fb06802c8b17f6ccbaf4c,false,97.6,99.19,97.6,76.43,122;0;0;0,time,15,-1,0,15,0,0,false,false,english,,normal,false,false,false,,1780461672000
6a1fa59002c8b17f6ccb5a82,false,73.6,89.32,73.6,61.72,92;0;0;0,time,15,-1,0,15,0,0,false,false,english,,normal,false,false,false,,1780458896000
6a1ebfd371e1d2cb60cd90df,false,98.4,95.56,104.8,70.75,123;3;0;1,time,15,-1,0,15,0,0,false,false,english,,normal,false,false,false,,1780400083000
6a1ebfc371e1d2cb60cd9055,false,90.4,92.8,90.4,72.75,113;0;0;0,time,15,-1,0,15,0,0,false,false,english,,normal,false,false,false,,1780400067000
6a1ebf9271e1d2cb60cd8e85,false,84.79,95.36,87.19,65.18,424;4;0;1,time,60,-1,0,60.01,1,0,false,false,english,,normal,false,false,false,,1780400018000
6a1e82e272016ea84de29579,false,83,93.28,85.8,62.93,415;6;0;0,time,60,-1,0,60,0,0,false,false,english,,normal,false,false,false,,1780384482000
6a1e77b772016ea84de22fa3,false,92.2,94.64,95,70.34,461;4;0;1,time,60,-1,0,60,0,0,false,false,english,,normal,false,false,false,,1780381623000
6a1e646f72016ea84de192d6,false,82.01,93.6,84.01,71.65,410;5;0;1,time,60,-1,0,59.99,0,0,false,false,english,,normal,false,false,false,,1780376687000
6a1e642972016ea84de190a4,false,79.39,94.19,80.79,64.97,397;3;0;0,time,60,-1,0,60.01,0,0,false,false,english,,normal,false,false,false,,1780376617000
6a1e61df72016ea84de17e05,false,71.4,88.21,71.4,58.94,357;0;0;0,time,60,-1,0,60,0,0,false,false,english,,normal,false,false,false,,1780376031000
6a1e618c72016ea84de17b5c,false,84.01,93.93,84.01,69.53,420;0;0;0,time,60,-1,0,59.99,0,0,false,false,english,,normal,false,false,false,,1780375948000
6a1e5f9472016ea84de16c4b,false,76.8,89.57,76.8,61.72,96;0;0;0,time,15,-1,0,15,0,0,false,false,english,,normal,false,false,false,,1780375444000
6a1e5a0472016ea84de1403b,false,93.6,89.55,102.4,78.58,117;8;0;0,time,15,-1,0,15,0,0,false,false,english,,normal,false,false,false,,1780374020000
6a1e574172016ea84de12b8c,false,88.8,95.8,88.8,74.6,111;0;0;0,time,15,-1,0,15,0,0,false,false,english,,normal,false,false,false,,1780373313000
6a1e573072016ea84de12b12,false,81.65,92.98,86.46,66.44,102;3;0;1,time,15,-1,0,14.99,0,0,false,false,english,,normal,false,false,false,,1780373296000
6a1e571d72016ea84de12a6e,false,68,87.16,80.8,55.25,85;7;0;3,time,15,-1,0,15,0,0,false,false,english,,normal,false,false,false,,1780373277000
6a1d32da72016ea84dd6d901,false,73.6,93.2,73.6,48.88,92;0;0;0,time,15,-1,0,15,0,0,false,false,english,,normal,false,false,false,,1780298458000
6a1d32ca72016ea84dd6d865,false,72.8,85.34,72.8,57.94,91;0;0;0,time,15,-1,0,15,0,0,false,false,english,,normal,false,false,false,,1780298442000
6a1d32b972016ea84dd6d7d6,false,95.26,95.35,99.27,72.22,119;2;0;0,time,15,-1,0,14.99,0,0,false,false,english,,normal,false,false,false,,1780298425000
6a1d059c72016ea84dd56df6,false,76.8,91.45,89.6,67.17,96;5;0;2,time,15,-1,0,15,0,0,false,false,english,,normal,false,false,false,,1780286876000
6a1d02c672016ea84dd55961,false,91.6,95.67,92.6,66.71,458;2;0;0,time,60,-1,0,60,0,0,false,false,english,,normal,false,false,false,,1780286150000
6a1a8e511281484724c5ad74,false,83.8,94.65,83.8,62.02,419;0;0;0,time,60,-1,0,60,0,0,false,false,english,,normal,false,false,false,,1780125265000
6a1a8dfa1281484724c5ab28,false,89.19,95.54,89.19,64.67,446;0;0;0,time,60,-1,0,60.01,0,0,false,false,english,,normal,false,false,false,,1780125178000
6a1a8b6f1281484724c59a0f,false,79.6,91.48,81.4,68.71,398;2;0;2,time,60,-1,0,60,0,0,false,false,english,,normal,false,false,false,,1780124527000
6a1a89351281484724c58b8a,false,71.4,92,72,59.9,357;1;0;1,time,60,-1,0,60,0,0,false,false,english,,normal,false,false,false,,1780123957000
6a1a88f41281484724c589da,false,80.05,94.5,83.26,65.03,100;1;0;0,time,15,-1,0,14.99,0,0,false,false,english,,normal,false,false,false,,1780123892000
6a1a88e41281484724c5897a,false,74.45,92.38,74.45,71.43,93;0;0;0,time,15,-1,0,14.99,0,0,false,false,english,,normal,false,false,false,,1780123876000
6a1a767d1281484724c50e1a,true,72.8,94.85,72.8,58.2,91;0;0;0,time,15,-1,0,15,0,0,false,true,english,,normal,false,false,false,,1780119165000
6a1a75cc1281484724c50988,false,91.14,99.13,91.14,82.39,114;0;0;0,time,15,-1,0,15.01,0,0,false,false,english,,normal,false,false,false,,1780118988000
6a1a75411281484724c505e1,false,75.25,93.07,75.25,65.51,94;0;0;0,time,15,-1,0,14.99,0,0,false,false,english,,normal,false,false,false,,1780118849000
6a1a751e1281484724c50503,false,83.26,95.65,83.26,68.53,104;0;0;0,time,15,-1,0,14.99,0,0,false,false,english,,normal,false,false,false,,1780118814000
6a1a750d1281484724c5049b,false,72.05,93.07,72.05,66.81,90;0;0;0,time,15,-1,0,14.99,0,0,false,false,english,,normal,false,false,false,,1780118797000
6a1a743a1281484724c4ff9c,false,66.4,89.69,70.4,64.81,83;1;0;1,time,15,-1,0,15,0,0,false,false,english,,normal,false,false,false,,1780118586000
6a1a742a1281484724c4ff3c,false,72.05,95.83,72.05,61.41,90;0;0;0,time,15,-1,1,14.99,0,7.47,false,false,english,,normal,false,false,false,,1780118570000
6a1a738f1281484724c4fb86,false,84.8,95.5,84.8,68.87,106;0;0;0,time,15,-1,0,15,0,0,false,false,english,,normal,false,false,false,,1780118415000
6a1a737b1281484724c4fb06,false,84,93.75,84,70.31,105;0;0;0,time,15,-1,0,15,0,0,false,false,english,,normal,false,false,false,,1780118395000
6a16d951655b2abc62c22ce6,false,92,98.29,92,73.44,115;0;0;0,time,15,-1,0,15,0,0,false,false,english,,normal,false,false,false,,1779882321000
6a16d92f655b2abc62c22b9f,false,88.04,95.76,92.05,65.01,110;2;0;1,time,15,-1,0,14.99,0,0,false,false,english,,normal,false,false,false,,1779882287000
6a16d91e655b2abc62c22afd,false,83.97,94.69,87.97,70.97,105;2;0;0,time,15,-1,0,15.01,0,0,false,false,english,,normal,false,false,false,,1779882270000
6a16d4e6655b2abc62c205cd,false,83.25,91.53,88.85,68.57,104;3;0;0,time,15,-1,0,14.99,0,0,false,false,english,,normal,false,false,false,,1779881190000
6a16d4d5655b2abc62c20548,false,84.05,90,84.05,69.05,105;0;0;0,time,15,-1,0,14.99,0,0,false,false,english,,normal,false,false,false,,1779881173000
6a16d450655b2abc62c200f0,false,96.77,96.06,96.77,72.43,121;0;0;0,time,15,-1,0,15.01,0,0,false,false,english,,normal,false,false,false,,1779881040000
6a16d420655b2abc62c1ff52,false,70.44,88.24,70.44,57.68,88;0;0;0,time,15,-1,0,14.99,0,0,false,false,english,,normal,false,false,false,,1779880992000
6a16d40c655b2abc62c1feb4,false,78.42,90.27,84.02,58.09,98;1;0;2,time,15,-1,0,15,0,0,false,false,english,,normal,false,false,false,,1779880972000
6a16d3f9655b2abc62c1fe2f,false,67.23,86.87,67.23,60.59,84;0;0;0,time,15,-1,0,14.99,0,0,false,false,english,,normal,false,false,false,,1779880953000
6a16bf62655b2abc62c148b3,false,76.81,93.4,85.61,68.8,96;6;0;1,time,15,-1,0,15,0,0,false,false,english,,normal,false,false,false,,1779875682000
6a16bf52655b2abc62c14822,false,58.43,85.71,58.43,50.3,73;0;0;0,time,15,-1,0,14.99,0,0,false,false,english,,normal,false,false,false,,1779875666000
6a169135655b2abc62bfc4be,false,77.62,90.27,83.22,58.65,97;3;0;0,time,15,-1,0,15,0,0,false,false,english,,normal,false,false,false,,1779863861000
6a166b5b655b2abc62bea5fa,false,67.99,92.39,67.99,64.36,85;0;0;0,time,15,-1,0,15,0,0,false,false,english,,normal,false,false,false,,1779854171000
6a15858e655b2abc62b6b9f7,false,83.6,93.78,83.6,67.85,418;0;0;0,time,60,-1,0,60,0,0,false,false,english,,normal,false,false,false,,1779795342000
6a157c93655b2abc62b6627a,false,73.39,94.44,73.39,56.72,367;0;0;0,time,60,-1,0,60.01,0,0,false,false,english,,normal,false,false,false,,1779793043000
6a157a40655b2abc62b64cef,false,77,95.48,80,63.68,385;4;0;0,time,60,-1,0,60,0,0,false,false,english,,normal,false,false,false,,1779792448000
6a157a03655b2abc62b64aa2,false,68.2,91.73,70.4,61.89,341;2;0;1,time,60,-1,0,60,0,0,false,false,english,,normal,false,false,false,,1779792387000
6a1579c5655b2abc62b64836,false,74.79,94.04,74.79,67.04,374;0;0;0,time,60,-1,0,60.01,0,0,false,false,english,,normal,false,false,false,,1779792325000
6a157972655b2abc62b64518,false,80.59,96.68,82.19,71.81,403;3;0;0,time,60,-1,0,60,0,0,false,false,english,,normal,false,false,false,,1779792242000
6a1568df655b2abc62b5a4d5,false,70.41,92.66,74.01,67.75,352;4;0;1,time,60,-1,0,59.99,0,0,false,false,english,,normal,false,false,false,,1779787999000
6a15668c655b2abc62b58e08,false,73.4,91.55,75,60.01,367;1;0;2,time,60,-1,0,60,0,0,false,false,english,,normal,false,false,false,,1779787404000
6a156611655b2abc62b588e2,false,88.61,94.3,88.61,69.37,443;0;0;0,time,60,-1,0,59.99,0,0,false,false,english,,normal,false,false,false,,1779787281000
6a1565cb655b2abc62b58627,false,77.2,92.36,77.2,64.44,386;0;0;0,time,60,-1,0,60,0,0,false,false,english,,normal,false,false,false,,1779787211000
6a15658c655b2abc62b5839f,false,85.8,95.22,87.4,70.1,429;2;0;1,time,60,-1,0,60,0,0,false,false,english,,normal,false,false,false,,1779787148000
6a15654e655b2abc62b58118,false,77.19,92.49,78.19,61.99,386;3;0;1,time,60,-1,0,60,0,0,false,false,english,,normal,false,false,false,,1779787086000
6a156509655b2abc62b57e75,false,78,91.44,79.2,63.57,390;3;0;0,time,60,-1,0,60,0,0,false,false,english,,normal,false,false,false,,1779787017000
6a1564cc655b2abc62b57c09,false,74.21,91.29,75.41,59.09,371;0;0;1,time,60,-1,0,59.99,0,0,false,false,english,,normal,false,false,false,,1779786956000
6a156478655b2abc62b578de,false,85.81,92.52,85.81,65.23,429;0;0;0,time,60,-1,0,59.99,0,0,false,false,english,,normal,false,false,false,,1779786872000
6a15643b655b2abc62b576b9,false,79.6,91.41,80.4,64.03,398;0;0;1,time,60,-1,0,60,0,0,false,false,english,,normal,false,false,false,,1779786811000
6a155987655b2abc62b51482,false,86.21,96.69,87.21,69.57,431;0;0;1,time,60,-1,0,59.99,0,0,false,false,english,,normal,false,false,false,,1779784071000
6a155946655b2abc62b51249,false,73.01,93.5,75.41,61.81,365;2;0;1,time,60,-1,0,59.99,0,0,false,false,english,,normal,false,false,false,,1779784006000
6a1558f1655b2abc62b50f02,false,68.58,92.21,70.58,63.43,343;1;0;2,time,60,-1,0,60.02,0,0,false,false,english,,normal,false,false,false,,1779783921000
6a1558a3655b2abc62b50c50,false,104.85,99.24,104.85,82.3,131;0;0;0,time,15,-1,0,14.99,0,0,false,false,english,,normal,false,false,false,,1779783843000
6a15588d655b2abc62b50b7e,false,87.26,97.35,88.87,67.18,109;1;0;0,time,15,-1,0,14.99,0,0,false,false,english,,normal,false,false,false,,1779783821000
6a15322c655b2abc62b3b48b,false,95.22,98.35,95.22,75.43,119;0;0;0,time,15,-1,0,15,0,0,false,false,english,,normal,false,false,false,,1779773996000
6a153219655b2abc62b3b3e3,false,91.19,95.08,91.19,70.61,114;0;0;0,time,15,-1,0,15,0,0,false,false,english,,normal,false,false,false,,1779773977000
6a1530c2655b2abc62b3a8bd,false,84.03,93.16,88.83,69.95,105;1;0;1,time,15,-1,0,14.99,0,0,false,false,english,,normal,false,false,false,,1779773634000
6a1530a7655b2abc62b3a7e3,false,86.38,94.07,86.38,73.8,108;0;0;0,time,15,-1,0,15,0,0,false,false,english,,normal,false,false,false,,1779773607000
6a1528fa655b2abc62b36a33,false,84.81,93.33,89.61,71.87,106;1;0;0,time,15,-1,0,15,0,0,false,false,english,,normal,false,false,false,,1779771642000
6a1528ea655b2abc62b36999,false,73.62,93.27,73.62,49.74,92;0;0;0,time,15,-1,0,15,0,0,false,false,english,,normal,false,false,false,,1779771626000
6a1407e6655b2abc62aa3c73,false,76.82,92.52,76.82,57.86,96;0;0;0,time,15,-1,0,15,0,0,false,false,english,,normal,false,false,false,,1779697638000
6a14057e655b2abc62aa2676,false,99.89,96.18,99.89,68.03,125;0;0;0,time,15,-1,0,15.02,0,0,false,false,english,,normal,false,false,false,,1779697022000
6a14056d655b2abc62aa25e4,false,100.78,96.21,100.78,75.04,126;0;0;0,time,15,-1,0,15,0,0,false,false,english,,normal,false,false,false,,1779697005000
6a140553655b2abc62aa2505,false,90.44,91.04,98.45,77.07,113;4;0;0,time,15,-1,0,14.99,0,0,false,false,english,,normal,false,false,false,,1779696979000
6a140541655b2abc62aa244f,false,102.45,95.62,108.85,73.83,128;4;0;2,time,15,-1,0,14.99,0,0,false,false,english,,normal,false,false,false,,1779696961000
6a14050b655b2abc62aa2255,false,118.4,97.4,118.4,84.72,148;0;0;0,time,15,-1,0,15,0,0,false,false,english,,normal,false,false,false,,1779696907000
6a1404fa655b2abc62aa21c2,false,79.16,88.6,79.16,62.55,99;0;0;0,time,15,-1,0,15.01,0,0,false,false,english,,normal,false,false,false,,1779696890000
6a140391655b2abc62aa1419,false,87.6,94.19,91.6,67,438;4;1;1,time,60,-1,0,60,0,0,false,false,english,,normal,false,false,false,,1779696529000
6a14034e655b2abc62aa11b8,false,76.01,94.62,77.01,62.85,380;2;0;0,time,60,-1,0,59.99,0,0,false,false,english,,normal,false,false,false,,1779696462000
6a14030e655b2abc62aa0f70,false,64.2,87.47,65,55.68,321;2;0;2,time,60,-1,0,60,0,0,false,false,english,,normal,false,false,false,,1779696398000
6a13f39e655b2abc62a989bc,false,87.41,94.88,87.41,72.91,437;0;0;0,time,60,-1,0,59.99,0,0,false,false,english,,normal,false,false,false,,1779692446000
6a13f350655b2abc62a98727,false,98,96.17,100.4,69.43,245;1;0;0,time,30,-1,0,30,0,0,false,false,english,,normal,false,false,false,,1779692368000
6a13c87b655b2abc62a82a29,false,79.22,94.01,79.22,70.85,198;0;0;0,time,30,-1,0,29.99,0,0,false,false,english,,normal,false,false,false,,1779681403000
6a13c85a655b2abc62a82942,false,86.01,93.67,88.01,72.98,215;2;0;0,time,30,-1,0,29.99,0,0,false,false,english,,normal,false,false,false,,1779681370000
6a13c83b655b2abc62a82862,false,81.57,93.3,85.17,67.62,204;2;0;1,time,30,-1,0,30.01,0,0,false,false,english,,normal,false,false,false,,1779681339000
6a102a71655b2abc628d796d,false,93.21,97.51,93.21,72.26,233;0;0;0,time,30,-1,0,30,0,0,false,false,english,,normal,false,false,false,,1779444337000
6a100666655b2abc628c2e44,false,80.78,91.81,86.78,59.69,202;3;0;2,time,30,-1,0,30.01,0,0,false,false,english,,normal,false,false,false,,1779435110000
6a0fd87f655b2abc628ab22e,false,75.59,92.68,75.59,62.4,189;0;0;0,time,30,-1,0,30,0,0,false,false,english,,normal,false,false,false,,1779423359000
6a0fd858655b2abc628ab10b,false,73.98,89.86,79.18,68.34,185;3;0;1,time,30,-1,0,30.01,0,0,false,false,english,,normal,false,false,false,,1779423320000
6a0ec346655b2abc628086b1,false,77.99,94.79,77.99,67.69,195;0;0;0,time,30,-1,0,30.01,0,0,false,false,english,,normal,false,false,false,,1779352390000
6a0eaddb655b2abc627fc509,false,93.61,95.14,93.61,67.16,234;0;0;0,time,30,-1,0,30,0,0,false,false,english,,normal,false,false,false,,1779346907000
6a0ea316655b2abc627f5c84,false,78.79,91.93,80.39,65.85,197;1;0;0,time,30,-1,0,30,0,0,false,false,english,,normal,false,false,false,,1779344150000
6a0e83c2655b2abc627e593d,false,73.99,94.03,73.99,60.69,185;0;0;0,time,30,-1,0,30,0,0,false,false,english,,normal,false,false,false,,1779336130000
6a0e8252655b2abc627e4ea4,false,88.79,96.52,88.79,67.12,222;0;0;0,time,30,-1,0,30,0,0,false,false,english,,normal,false,false,false,,1779335762000
6a0e7ff3655b2abc627e3cd6,false,73.99,90.91,76.79,62.31,185;2;0;0,time,30,-1,0,30,0,0,false,false,english,,normal,false,false,false,,1779335155000
6a0d909d32edce57f7b10385,false,93.32,98,93.32,60.83,49;0;0;0,words,10,-1,0,6.3,0,0,false,false,english,,normal,false,false,false,,1779273885000
6a0d908b32edce57f7b102e5,false,111.17,97.78,111.17,68.1,44;0;0;0,words,10,-1,0,4.75,0,0,false,false,english,,normal,false,false,false,,1779273867000
6a0d908532edce57f7b102aa,false,85.76,90.74,96.95,65.56,46;2;0;0,words,10,-1,0,6.44,0,0,false,false,english,,normal,false,false,false,,1779273861000
6a0d905f32edce57f7b10150,false,112.34,98.08,112.34,69,50;0;0;0,words,10,-1,0,5.34,0,0,false,false,english,,normal,false,false,false,,1779273823000
6a0d904532edce57f7b1005e,false,86.3,98.21,86.3,59.31,55;0;0;0,words,10,-1,0,7.65,0,0,false,false,english,,normal,false,false,false,,1779273797000
6a0d903632edce57f7b0ffc6,false,117.9,97.96,117.9,77.24,48;0;0;0,words,10,-1,0,4.89,0,0,false,false,english,,normal,false,false,false,,1779273782000
6a0d901a32edce57f7b0fec1,false,73.16,87.5,95.52,66.53,36;4;0;0,words,10,-1,0,5.9,0,0,false,false,english,,normal,false,false,false,,1779273754000
6a0d901332edce57f7b0fe71,false,72.71,89.71,85.54,52.11,51;2;0;0,words,10,-1,0,8.42,0,0,false,false,english,,normal,false,false,false,,1779273747000
6a0d900932edce57f7b0fe06,false,88.55,94.34,88.55,62.31,50;0;0;0,words,10,-1,0,6.78,0,0,false,false,english,,normal,false,false,false,,1779273737000
6a0d8f2232edce57f7b0f4ef,false,88.82,94.76,92.42,67.71,222;0;0;2,time,30,-1,0,29.99,0,0,false,false,english,,normal,false,false,false,,1779273506000
6a0d8e0c32edce57f7b0ea6d,false,62.42,93.02,62.82,53.71,156;1;0;0,time,30,-1,0,29.99,0,0,true,false,english,,normal,false,false,false,,1779273228000
6a0d8dea32edce57f7b0e927,false,77.21,93.43,80.82,69.29,193;2;0;0,time,30,-1,0,29.99,0,0,true,false,english,,normal,false,false,false,,1779273194000
6a0d8d5232edce57f7b0e300,true,88,95.69,90,69.78,220;2;0;0,time,30,-1,0,30,0,0,true,false,english,,normal,false,false,false,,1779273042000
6a0d8d2232edce57f7b0e10f,false,69.58,95.63,69.58,55.38,174;0;0;0,time,30,-1,0,30.01,0,0,true,false,english,,normal,false,false,false,,1779272994000
6a0d8d0332edce57f7b0dfd0,false,61.6,89.94,61.6,52.97,154;0;0;0,time,30,-1,0,30,0,0,true,false,english,,normal,false,false,false,,1779272963000
6a0d8ce132edce57f7b0de42,false,62,93.02,62,59.51,155;0;0;0,time,30,-1,0,30,0,0,true,false,english,,normal,false,false,false,,1779272929000
6a0d8cba32edce57f7b0dc80,false,75.18,95.96,75.18,60.59,94;0;0;0,time,15,-1,0,15,0,0,true,false,english,,normal,false,false,false,,1779272890000
6a0d8ca632edce57f7b0dba6,false,34.41,83.05,34.41,27.47,43;0;0;0,time,15,-1,0,15,1,0,true,false,english,,normal,false,false,false,,1779272870000
6a0d8c9532edce57f7b0dae4,false,62.44,91.86,62.44,53.93,78;0;0;0,time,15,-1,0,14.99,0,0,true,false,english,,normal,false,false,false,,1779272853000
6a0d8c5f32edce57f7b0d89c,false,81.01,92.46,82.01,63.3,405;0;0;1,time,60,-1,0,59.99,0,0,false,false,english,,normal,false,false,false,,1779272799000
6a0d8c2132edce57f7b0d641,false,78.41,91.12,78.41,57.87,392;0;0;0,time,60,-1,0,59.99,0,0,false,false,english,,normal,false,false,false,,1779272737000
6a0d8bda32edce57f7b0d37d,false,79.8,92.31,81.2,66.19,399;1;0;2,time,60,-1,0,60,0,0,false,false,english,,normal,false,false,false,,1779272666000
6a0d8b9832edce57f7b0d0d6,false,76,90.37,78.6,58,380;3;0;1,time,60,-1,0,60,0,0,false,false,english,,normal,false,false,false,,1779272600000
6a0d8b1732edce57f7b0cc28,false,78.41,92.92,78.41,63.06,392;0;0;0,time,60,-1,0,59.99,1,0,false,false,english,,normal,false,false,false,,1779272471000
6a0d8a3832edce57f7b0c3a8,false,92,96.67,92.6,64.91,460;0;0;1,time,60,-1,0,60,0,0,false,false,english,,normal,false,false,false,,1779272248000
6a0d7c4c32edce57f7b039b4,false,89.19,96.39,91.59,69.96,446;1;0;3,time,60,-1,0,60.01,0,0,false,false,english,,normal,false,false,false,,1779268684000
6a0d790a32edce57f7b01ac7,false,63.8,93.35,64.8,60.05,319;1;0;0,time,60,-1,0,60,0,0,false,false,english,,normal,false,false,false,,1779267850000
6a0d752832edce57f7aff594,false,66.21,90.13,68.81,54.38,331;4;0;1,time,60,-1,0,59.99,0,0,false,false,english,,normal,false,false,false,,1779266856000
6a0d74b132edce57f7aff149,false,78.61,93.41,78.61,63.9,393;0;0;0,time,60,-1,0,59.99,0,0,false,false,english,,normal,false,false,false,,1779266737000
6a0d746032edce57f7afedff,false,72.59,89.31,73.99,61.38,363;1;0;1,time,60,-1,0,60,0,0,false,false,english,,normal,false,false,false,,1779266656000
6a0d740b32edce57f7afeabc,false,81.01,94.25,81.01,68.09,405;0;0;0,time,60,-1,0,59.99,0,0,false,false,english,,normal,false,false,false,,1779266571000
6a0d73c132edce57f7afe7e4,false,60.01,86.54,61.21,56.35,300;2;0;0,time,60,-1,0,59.99,0,0,false,false,english,,normal,false,false,false,,1779266497000
6a0d737732edce57f7afe502,false,79.19,94.98,79.19,68.14,198;0;0;0,time,30,-1,0,30,0,0,false,false,english,,normal,false,false,false,,1779266423000
6a0d735732edce57f7afe3f6,false,86.82,92.89,86.82,73.38,217;0;0;0,time,30,-1,0,29.99,0,0,false,false,english,,normal,false,false,false,,1779266391000
6a0d733832edce57f7afe2c0,false,82.72,93.72,83.12,71.01,207;1;0;0,time,30,-1,0,30.03,0,0,false,false,english,,normal,false,false,false,,1779266360000
6a0d731832edce57f7afe18f,false,83.18,90.04,86.38,65.77,208;2;0;0,time,30,-1,0,30.01,0,0,false,false,english,,normal,false,false,false,,1779266328000
6a0d72df32edce57f7afdf4e,false,80.4,90.76,82.4,67.31,201;1;0;0,time,30,-1,0,30,0,0,false,false,english,,normal,false,false,false,,1779266271000
6a0d72bf32edce57f7afde40,false,94.01,96.33,94.01,70.5,235;0;0;0,time,30,-1,0,30,0,0,false,false,english,,normal,false,false,false,,1779266239000
6a0d726e32edce57f7afdb50,false,77.59,89.87,84.39,67.76,194;6;0;0,time,30,-1,0,30,0,0,false,false,english,,normal,false,false,false,,1779266158000
6a0d724632edce57f7afd9c0,false,94.81,95.98,94.81,66.48,237;0;0;0,time,30,-1,0,30,0,0,false,false,english,,normal,false,false,false,,1779266118000
6a0d722632edce57f7afd89f,false,81.22,95.79,81.22,71.33,203;0;0;0,time,30,-1,0,29.99,0,0,false,false,english,,normal,false,false,false,,1779266086000
6a0d720432edce57f7afd761,false,74.03,93.63,74.03,63.12,185;0;0;0,time,30,-1,0,29.99,0,0,false,false,english,,normal,false,false,false,,1779266052000
6a0d71b532edce57f7afd45a,false,72.41,92.46,72.41,62.78,181;0;0;0,time,30,-1,0,30,0,0,false,false,english,,normal,false,false,false,,1779265973000
6a0d719632edce57f7afd322,false,69.99,91.46,69.99,57.31,175;0;0;0,time,30,-1,0,30,0,0,false,false,english,,normal,false,false,false,,1779265942000
6a0d717732edce57f7afd1f6,false,90.02,95.83,92.42,72.81,225;2;0;0,time,30,-1,0,29.99,0,0,false,false,english,,normal,false,false,false,,1779265911000
6a0d714932edce57f7afd050,false,96.81,97.62,99.21,78.35,121;0;0;1,time,15,-1,0,15,0,0,false,false,english,,normal,false,false,false,,1779265865000
6a0d713932edce57f7afcfa9,false,67.2,85.29,67.2,63.51,84;0;0;0,time,15,-1,0,15,0,0,false,false,english,,normal,false,false,false,,1779265849000
6a0d711e32edce57f7afceaf,false,76.01,94.29,76.01,53.12,95;0;0;0,time,15,-1,0,15,0,0,false,false,english,,normal,false,false,false,,1779265822000
6a0d710e32edce57f7afcdfe,false,73.56,88.68,73.56,56.66,92;0;0;0,time,15,-1,0,15.01,0,0,false,false,english,,normal,false,false,false,,1779265806000
6a0d70fd32edce57f7afcd56,false,64.05,85.44,64.05,55.6,80;0;0;0,time,15,-1,0,14.99,0,0,false,false,english,,normal,false,false,false,,1779265789000
6a0d70ea32edce57f7afccbe,false,99.25,95.45,99.25,74.02,124;0;0;0,time,15,-1,0,14.99,0,0,false,false,english,,normal,false,false,false,,1779265770000
6a0d70da32edce57f7afcc22,false,80,91.07,82.4,71.54,100;1;0;0,time,15,-1,0,15,0,0,false,false,english,,normal,false,false,false,,1779265754000
6a0d70c932edce57f7afcb90,false,85.66,93.91,85.66,61.13,107;0;0;0,time,15,-1,0,14.99,0,0,false,false,english,,normal,false,false,false,,1779265737000
6a0d70b932edce57f7afcb01,false,97.68,98.43,100.88,80.3,122;1;0;0,time,15,-1,0,14.99,0,0,false,false,english,,normal,false,false,false,,1779265721000
6a0d70a832edce57f7afca6e,false,64.79,88.12,71.19,63.45,81;2;0;0,time,15,-1,0,15,0,0,false,false,english,,normal,false,false,false,,1779265704000
6a0d709832edce57f7afc9dc,false,99.19,98.44,101.59,76.23,124;1;0;0,time,15,-1,0,15,0,0,false,false,english,,normal,false,false,false,,1779265688000
6a0d707d32edce57f7afc8ed,false,80.86,95.61,80.86,63.48,101;0;0;0,time,15,-1,0,14.99,0,0,false,false,english,,normal,false,false,false,,1779265661000
6a0d706c32edce57f7afc844,false,75.19,93.2,75.19,68.16,94;0;0;0,time,15,-1,0,15,0,0,false,false,english,,normal,false,false,false,,1779265644000
6a0d705c32edce57f7afc793,false,83.25,93.81,83.25,71.38,104;0;0;0,time,15,-1,0,14.99,0,0,false,false,english,,normal,false,false,false,,1779265628000
6a0d704b32edce57f7afc6dc,false,60,86.81,60,49.94,75;0;0;0,time,15,-1,0,15,0,0,false,false,english,,normal,false,false,false,,1779265611000
6a0d703b32edce57f7afc631,false,73.63,90.48,73.63,62.76,92;0;0;0,time,15,-1,0,14.99,0,0,false,false,english,,normal,false,false,false,,1779265595000
6a0d702732edce57f7afc55c,false,84.71,90.6,84.71,61.08,106;0;0;0,time,15,-1,0,15.02,0,0,false,false,english,,normal,false,false,false,,1779265575000
6a0d701732edce57f7afc4ab,false,84,93.22,84,63.8,105;0;0;0,time,15,-1,0,15,0,0,false,false,english,,normal,false,false,false,,1779265559000
6a0d700632edce57f7afc3f2,false,58.39,84.85,58.39,60.98,73;0;0;0,time,15,-1,0,15,0,0,false,false,english,,normal,false,false,false,,1779265542000
6a0d6ff532edce57f7afc333,false,72.05,90.2,75.25,59.06,90;0;2;0,time,15,-1,0,14.99,0,0,false,false,english,,normal,false,false,false,,1779265525000
6a0d6fe532edce57f7afc279,false,80.8,94.64,80.8,69.13,101;0;0;0,time,15,-1,0,15,0,0,false,false,english,,normal,false,false,false,,1779265509000
6a0d6fd432edce57f7afc1cb,false,91.98,95.04,91.98,65.99,115;0;0;0,time,15,-1,0,15,0,0,false,false,english,,normal,false,false,false,,1779265492000
6a0d6fc432edce57f7afc130,false,83.19,90.52,83.19,64.22,104;0;0;0,time,15,-1,0,15,0,0,false,false,english,,normal,false,false,false,,1779265476000
6a0d6fae32edce57f7afc055,false,77.66,93.46,77.66,59.76,97;0;0;0,time,15,-1,0,14.99,0,0,false,false,english,,normal,false,false,false,,1779265454000
6a0d6f9e32edce57f7afbfb7,false,80.01,94.44,80.01,73.55,100;0;0;0,time,15,-1,0,15,0,0,false,false,english,,normal,false,false,false,,1779265438000
6a0d6f8332edce57f7afbec2,false,68.04,91.18,71.24,75.87,85;0;0;1,time,15,-1,0,14.99,0,0,false,false,english,,normal,false,false,false,,1779265411000
6a0d6f6932edce57f7afbdc1,false,70.43,92.63,70.43,45.3,88;0;0;0,time,15,-1,0,14.99,1,0,false,false,english,,normal,false,false,false,,1779265385000
6a0d6f5832edce57f7afbd35,false,55.17,85.37,55.17,42.48,69;0;0;0,time,15,-1,0,15.01,0,0,false,false,english,,normal,false,false,false,,1779265368000
6a0d6d9c32edce57f7afac78,false,71.23,90.2,71.23,59.77,89;0;0;0,time,15,-1,0,14.99,0,0,false,false,english,,normal,false,false,false,,1779264924000
6a0d6d8b32edce57f7afabdd,false,54.39,82.98,63.19,58.63,68;2;0;1,time,15,-1,0,15,0,0,false,false,english,,normal,false,false,false,,1779264907000
6a0d6d7b32edce57f7afab2a,false,66.38,85.71,66.38,64.28,83;0;0;0,time,15,-1,0,15.01,0,0,false,false,english,,normal,false,false,false,,1779264891000
6a0d581c32edce57f7aee8f9,false,90.42,92.74,94.42,68.32,113;2;0;0,time,15,-1,0,15,0,0,false,false,english,,normal,false,false,false,,1779259420000
6a0d578432edce57f7aee350,false,88.07,96.49,88.07,64.77,110;0;0;0,time,15,-1,0,14.99,0,0,false,false,english,,normal,false,false,false,,1779259268000
6a0d577432edce57f7aee2c0,false,80.79,92.92,83.99,79.51,101;2;0;2,time,15,-1,0,15,0,0,false,false,english,,normal,false,false,false,,1779259252000
6a0d576332edce57f7aee229,false,82.42,89.74,82.42,63.39,103;0;0;0,time,15,-1,0,15,0,0,false,false,english,,normal,false,false,false,,1779259235000
6a0d575332edce57f7aee1ad,false,64.03,90.91,64.03,52.72,80;0;0;0,time,15,-1,0,14.99,0,0,false,false,english,,normal,false,false,false,,1779259219000
6a0d574332edce57f7aee107,false,99.98,97.66,99.98,78.24,125;0;0;0,time,15,-1,0,15,0,0,false,false,english,,normal,false,false,false,,1779259203000
6a0d56db32edce57f7aedd08,false,67.2,88.29,84.8,67.72,84;2;5;1,time,15,-1,0,15,0,0,false,false,english,,normal,false,false,false,,1779259099000
6a0d56ca32edce57f7aedc67,false,56.78,87.36,64.78,49.67,71;4;0;1,time,15,-1,0,15.01,0,0,false,false,english,,normal,false,false,false,,1779259082000
6a0d56ba32edce57f7aedbb5,false,73.63,92.31,77.63,64.5,92;0;0;1,time,15,-1,0,14.99,0,0,false,false,english,,normal,false,false,false,,1779259066000
6a0d567032edce57f7aed8a8,false,87.26,94.02,87.26,66.84,109;0;0;0,time,15,-1,0,14.99,0,0,false,false,english,,normal,false,false,false,,1779258992000
6a0d566032edce57f7aed7f7,false,77.57,90.74,77.57,58.76,97;0;0;0,time,15,-1,0,15.01,0,0,false,false,english,,normal,false,false,false,,1779258976000
6a0d502532edce57f7ae9b83,false,89.59,93.5,89.59,62.97,112;0;0;0,time,15,-1,0,15,0,0,false,false,english,,normal,false,false,false,,1779257381000
6a0d4e3932edce57f7ae89cd,false,80.01,93.52,80.01,67.06,100;0;0;0,time,15,-1,0,15,0,0,false,false,english,,normal,false,false,false,,1779256889000
6a0d4e2732edce57f7ae8921,false,85.59,99.07,85.59,75.05,107;0;0;0,time,15,-1,0,15,0,0,false,false,english,,normal,false,false,false,,1779256871000
6a0d4e1632edce57f7ae8893,false,59.19,85.86,59.19,69.3,74;0;0;0,time,15,-1,0,15,0,0,false,false,english,,normal,false,false,false,,1779256854000
6a0d4dfe32edce57f7ae87b5,false,89.61,94.92,89.61,75.94,112;0;0;0,time,15,-1,0,15,0,0,false,false,english,,normal,false,false,false,,1779256830000
6a0bf42632edce57f7a13b72,false,98.36,92.59,101.56,78.53,123;1;0;1,time,15,-1,0,15.01,0,0,false,false,english,,normal,false,false,false,,1779168294000
6a0bed4c32edce57f7a101ca,false,99.91,98.44,99.91,72.65,125;0;0;0,time,15,-1,0,15.01,0,0,false,false,english,,normal,false,false,false,,1779166540000
6a0bed2e32edce57f7a100c4,false,92.05,93.55,92.05,75.62,115;0;0;0,time,15,-1,0,14.99,0,0,false,false,english,,normal,false,false,false,,1779166510000
6a0bed1d32edce57f7a1001d,false,103.16,95.59,103.16,74.38,129;0;0;0,time,15,-1,0,15.01,0,0,false,false,english,,normal,false,false,false,,1779166493000
6a0bec6032edce57f7a0f9d2,false,93.57,95.31,97.57,66.62,117;1;0;0,time,15,-1,0,15.01,0,0,false,false,english,,normal,false,false,false,,1779166304000
6a0be80b32edce57f7a0d508,false,89.58,95.83,92.78,72.24,112;1;0;1,time,15,-1,0,15,0,0,false,false,english,,normal,false,false,false,,1779165195000
6a0be7a732edce57f7a0d1dd,false,84.82,97.25,84.82,60.62,106;0;0;0,time,15,-1,0,15,1,0,false,false,english,,normal,false,false,false,,1779165095000
6a0be79632edce57f7a0d15d,false,76.84,91.74,77.64,72.27,96;1;0;0,time,15,-1,0,14.99,0,0,false,false,english,,normal,false,false,false,,1779165078000
6a0be77c32edce57f7a0d090,false,82.4,96.36,86.4,71.11,103;1;0;1,time,15,-1,0,15,0,0,false,false,english,,normal,false,false,false,,1779165052000
6a0be46e32edce57f7a0b7c1,false,72.8,94.95,74.4,51.29,91;1;0;0,time,15,-1,0,15,0,0,false,false,english,,normal,false,false,false,,1779164270000
6a0be45d32edce57f7a0b725,false,81.58,90.6,87.18,66.18,102;2;0;0,time,15,-1,0,15,0,0,false,false,english,,normal,false,false,false,,1779164253000
6a0be41032edce57f7a0b4b6,false,86.42,92.37,89.62,71.82,108;2;0;1,time,15,-1,0,15,0,0,false,false,english,,normal,false,false,false,,1779164176000
6a0af0a932edce57f79731eb,false,76.01,91.72,77.21,62.19,380;0;0;1,time,60,-1,0,59.99,0,0,false,false,english,,normal,false,false,false,,1779101865000
6a0af06832edce57f7972f34,false,80.19,91.81,80.19,68.87,401;0;0;0,time,60,-1,0,60.01,0,0,false,false,english,,normal,false,false,false,,1779101800000
6a0aeffe32edce57f7972b26,false,77.98,89.03,85.78,66.14,390;7;3;2,time,60,-1,0,60.02,0,0,false,false,english,,normal,false,false,false,,1779101694000
6a0aefab32edce57f79727bf,false,89.61,92,89.61,73.83,112;0;0;0,time,15,-1,0,15,0,0,false,false,english,,normal,false,false,false,,1779101611000
6a0aef9a32edce57f7972718,false,88.07,96.77,96.07,78.6,110;1;0;2,time,15,-1,0,14.99,0,0,false,false,english,,normal,false,false,false,,1779101594000
6a0aef8a32edce57f7972678,false,87.22,94.21,92.82,72.67,109;1;0;0,time,15,-1,0,15,0,0,false,false,english,,normal,false,false,false,,1779101578000
6a0aef7932edce57f79725ca,false,89.57,98.25,89.57,65.1,112;0;0;0,time,15,-1,0,15,0,0,false,false,english,,normal,false,false,false,,1779101561000
6a0ae8a132edce57f796dff1,false,69.59,90.1,72.79,54.85,87;1;0;1,time,15,-1,0,15,0,0,false,false,english,,normal,false,false,false,,1779099809000
6a0ae89232edce57f796df39,false,87.25,95.61,88.05,67.85,109;1;0;0,time,15,-1,0,14.99,0,0,false,false,english,,normal,false,false,false,,1779099794000
6a0ae85432edce57f796dc72,false,66.4,90.1,76.8,56.84,83;2;1;0,time,15,-1,0,15,0,0,false,false,english,,normal,false,false,false,,1779099732000
6a0ae84432edce57f796dbb4,false,77.64,89.09,77.64,58.17,97;0;0;0,time,15,-1,0,14.99,0,0,false,false,english,,normal,false,false,false,,1779099716000
6a0ae65c32edce57f796c8f7,false,86.45,92.31,86.45,60.8,108;0;0;0,time,15,-1,0,14.99,0,0,false,false,english,,normal,false,false,false,,1779099228000
6a0ae64b32edce57f796c863,false,95.98,95.38,101.58,75.19,120;2;0;2,time,15,-1,0,15,0,0,false,false,english,,normal,false,false,false,,1779099211000
6a0ae62b32edce57f796c72f,false,80.82,90.6,80.82,64.6,101;0;0;0,time,15,-1,0,15,0,0,false,false,english,,normal,false,false,false,,1779099179000
6a0ae5da32edce57f796c417,false,92.85,92.48,104.85,70.06,116;5;0;0,time,15,-1,0,14.99,0,0,false,false,english,,normal,false,false,false,,1779099098000
6a0ae5c932edce57f796c369,false,72.81,88.6,84.01,65.76,91;2;0;1,time,15,-1,0,15,0,0,false,false,english,,normal,false,false,false,,1779099081000
6a0ae57032edce57f796bff3,false,101.68,96.32,106.48,72.85,127;0;1;0,time,15,-1,0,14.99,0,0,false,false,english,,normal,false,false,false,,1779098992000
6a0ae56032edce57f796bf53,false,67.99,87.27,77.58,61.24,85;4;0;2,time,15,-1,0,15,0,0,false,false,english,,normal,false,false,false,,1779098976000
6a0ae54f32edce57f796be9e,false,65.61,84.11,72.01,58.8,82;1;0;0,time,15,-1,0,15,0,0,false,false,english,,normal,false,false,false,,1779098959000
6a0ae53f32edce57f796bdfb,false,103.98,98.53,103.98,80.49,130;0;0;0,time,15,-1,0,15,0,0,false,false,english,,normal,false,false,false,,1779098943000
6a0ae52732edce57f796bd17,false,85.52,91.8,85.52,61.96,107;0;0;0,time,15,-1,0,15.01,0,0,false,false,english,,normal,false,false,false,,1779098919000
6a0ae4f332edce57f796bb01,false,88.85,92.5,88.85,60.23,111;0;0;0,time,15,-1,0,14.99,0,0,false,false,english,,normal,false,false,false,,1779098867000
6a0ae4e332edce57f796ba64,false,91.22,92.68,91.22,63.24,114;0;0;0,time,15,-1,0,15,0,0,false,false,english,,normal,false,false,false,,1779098851000
6a0ae48932edce57f796b73a,false,100.85,93.62,104.85,81.05,126;1;0;1,time,15,-1,0,14.99,0,0,false,false,english,,normal,false,false,false,,1779098761000
6a0ae46432edce57f796b5e9,false,103.23,95.56,103.23,73.09,129;0;0;0,time,15,-1,0,15,0,0,false,false,english,,normal,false,false,false,,1779098724000
6a0ae45332edce57f796b548,false,103.24,97.01,103.24,72.44,129;0;0;0,time,15,-1,0,14.99,0,0,false,false,english,,normal,false,false,false,,1779098707000
6a0ae41832edce57f796b2ee,false,95.21,93.94,99.21,81.35,119;2;0;0,time,15,-1,0,15,0,0,false,false,english,,normal,false,false,false,,1779098648000
6a0ab7f832edce57f794f8a5,false,84.04,90.08,91.25,66.6,105;4;0;0,time,15,-1,0,14.99,0,0,false,false,english,,normal,false,false,false,,1779087352000
6a0ab7dd32edce57f794f778,false,82.46,93.81,82.46,59.22,103;0;0;0,time,15,-1,0,14.99,0,0,false,false,english,,normal,false,false,false,,1779087325000
6a0ab3ba32edce57f794ce5c,false,97.63,94.12,97.63,70.55,122;0;0;0,time,15,-1,0,15,0,0,false,false,english,,normal,false,false,false,,1779086266000
6a0ab3aa32edce57f794cd97,false,79.2,88.37,86.41,69.74,99;2;0;0,time,15,-1,0,15,0,0,false,false,english,,normal,false,false,false,,1779086250000
6a0ab39a32edce57f794ccfc,false,99.12,96.12,99.12,76.82,124;0;0;0,time,15,-1,0,15.01,0,0,false,false,english,,normal,false,false,false,,1779086234000
6a0ab38932edce57f794cc53,false,80.8,89.17,89.61,65.25,101;4;0;0,time,15,-1,0,15,0,0,false,false,english,,normal,false,false,false,,1779086217000
6a0ab36a32edce57f794cb3d,false,88.05,93.5,92.86,68.14,110;1;0;1,time,15,-1,0,14.99,0,0,false,false,english,,normal,false,false,false,,1779086186000
6a0ab30b32edce57f794c7ac,false,95.2,97.56,95.2,77.21,119;0;0;0,time,15,-1,0,15,0,0,false,false,english,,normal,false,false,false,,1779086091000
6a0ab2f832edce57f794c701,false,89.62,92.56,89.62,71.56,112;0;0;0,time,15,-1,0,15,0,0,false,false,english,,normal,false,false,false,,1779086072000
6a0ab2c932edce57f794c538,false,84.81,93.28,84.81,73.37,106;0;0;0,time,15,-1,0,15,0,0,false,false,english,,normal,false,false,false,,1779086025000
6a0ab2b132edce57f794c448,false,88,92.97,98.4,73.67,110;1;1;1,time,15,-1,0,15,0,0,false,false,english,,normal,false,false,false,,1779086001000
6a0ab29832edce57f794c355,false,96.06,95.31,96.06,72.31,120;0;0;0,time,15,-1,0,14.99,0,0,false,false,english,,normal,false,false,false,,1779085975000
6a0ab26632edce57f794c181,false,100.01,94.16,103.21,78.9,125;1;0;1,time,15,-1,0,15,0,0,false,false,english,,normal,false,false,false,,1779085926000
6a0a97b632edce57f793de7e,false,96.79,97.62,96.79,74.73,121;0;0;0,time,15,-1,0,15,0,0,false,false,english,,normal,false,false,false,,1779079094000
6a0a96cf32edce57f793d6c8,false,81.52,92.79,81.52,64.16,102;0;0;0,time,15,-1,0,15.02,0,0,false,false,english,,normal,false,false,false,,1779078863000
6a0a93a132edce57f793bcd9,false,91.22,97.44,91.22,71.45,114;0;0;0,time,15,-1,0,15,0,0,false,false,english,,normal,false,false,false,,1779078049000
6a0a936432edce57f793bb11,false,72.85,90.29,72.85,64,91;0;0;0,time,15,-1,0,14.99,0,0,false,false,english,,normal,false,false,false,,1779077988000
6a0a935432edce57f793ba88,false,78.43,93.52,83.23,58.76,98;3;0;1,time,15,-1,0,14.99,0,0,false,false,english,,normal,false,false,false,,1779077972000
6a0a934432edce57f793ba12,false,90.45,94.17,90.45,72.62,113;0;0;0,time,15,-1,0,14.99,0,0,false,false,english,,normal,false,false,false,,1779077956000
6a0a932c32edce57f793b95d,false,60.82,88.3,64.02,39.7,76;0;0;1,time,15,-1,0,15,2,0,false,false,english,,normal,false,false,false,,1779077932000
6a06aa5032edce57f774c63b,false,79.18,90.09,79.18,68.1,99;0;0;0,time,15,-1,0,15,0,0,false,false,english,,normal,false,false,false,,1778821712000
6a069fb932edce57f7746fd8,false,93.62,92.31,93.62,58.39,117;0;0;0,time,15,-1,0,15,0,0,false,false,english,,normal,false,false,false,,1778819001000
6a069f9032edce57f7746e80,false,65.6,87.74,73.6,68.8,82;2;0;1,time,15,-1,0,15,0,0,false,false,english,,normal,false,false,false,,1778818960000
6a069e8432edce57f7746602,false,91.92,92.25,94.32,69.15,115;0;0;1,time,15,-1,0,15.01,0,0,false,false,english,,normal,false,false,false,,1778818692000
6a069e7332edce57f7746583,false,84.79,90.91,89.59,67.53,106;2;0;0,time,15,-1,0,15,0,0,false,false,english,,normal,false,false,false,,1778818675000
6a069a7e32edce57f77444a2,false,66.45,89.47,71.25,56.26,83;3;0;1,time,15,-1,0,14.99,0,0,false,false,english,,normal,false,false,false,,1778817662000
6a0699fc32edce57f7744076,false,75.19,93.27,75.19,57.75,94;0;0;0,time,15,-1,0,15,0,0,false,false,english,,normal,false,false,false,,1778817532000
6a06996032edce57f7743bab,false,102.39,96.35,105.59,69.59,128;0;0;1,time,15,-1,0,15,0,0,false,false,english,,normal,false,false,false,,1778817376000
6a06995132edce57f7743b15,false,100.77,95.49,100.77,75,126;0;0;0,time,15,-1,0,15,0,0,false,false,english,,normal,false,false,false,,1778817361000
6a0697be32edce57f7742eba,false,79.16,91.82,79.16,67.1,99;0;0;0,time,15,-1,0,15.01,0,0,false,false,english,,normal,false,false,false,,1778816958000
6a05ba2132edce57f76b3309,false,88.86,93.5,94.47,66.04,111;2;0;0,time,15,-1,0,14.99,0,0,false,false,english,,normal,false,false,false,,1778760225000
6a05ba1132edce57f76b326f,false,85.63,93.04,85.63,54.95,107;0;0;0,time,15,-1,0,15,0,0,false,false,english,,normal,false,false,false,,1778760209000
6a05b9e632edce57f76b30e3,false,76.03,93.52,76.03,65.91,95;0;0;0,time,15,-1,1,15,0,5.23,false,false,english,,normal,false,false,false,,1778760166000
6a05b9c132edce57f76b2f72,false,85.61,98.18,85.61,69.04,107;0;0;0,time,15,-1,0,15,0,0,false,false,english,,normal,false,false,false,,1778760129000
6a05b39032edce57f76aefac,false,74.32,87.07,78.31,59.28,93;2;0;1,time,15,-1,0,15.02,0,0,false,false,english,,normal,false,false,false,,1778758544000
6a05b37f32edce57f76aef10,false,82.4,91.96,82.4,72.4,103;0;0;0,time,15,-1,0,15,0,0,false,false,english,,normal,false,false,false,,1778758527000
6a05b36232edce57f76aedf1,false,108,97.83,108,78.19,135;0;0;0,time,15,-1,0,15,0,0,false,false,english,,normal,false,false,false,,1778758498000
6a05a24732edce57f76a465f,false,68.83,92.47,68.83,61.31,86;0;0;0,time,15,-1,0,14.99,0,0,false,false,english,,normal,false,false,false,,1778754119000
6a05a1f432edce57f76a42db,false,88.77,93.5,93.57,70.06,111;2;0;0,time,15,-1,0,15.01,0,0,false,false,english,,normal,false,false,false,,1778754036000
6a05a1e332edce57f76a422c,false,108.01,97.83,108.01,80.08,135;0;0;0,time,15,-1,0,15,0,0,false,false,english,,normal,false,false,false,,1778754019000
6a05a1c032edce57f76a40c6,false,75.26,90.91,75.26,60.6,94;0;0;0,time,15,-1,0,14.99,0,0,false,false,english,,normal,false,false,false,,1778753984000
6a05a1a732edce57f76a3fc3,false,90.44,94.17,90.44,68.71,113;0;0;0,time,15,-1,0,14.99,0,0,false,false,english,,normal,false,false,false,,1778753959000
6a05a19632edce57f76a3f2e,false,77.61,91.82,77.61,71.54,97;0;0;0,time,15,-1,0,15,0,0,false,false,english,,normal,false,false,false,,1778753942000
6a05a17d32edce57f76a3e2f,false,71.23,90.91,71.23,54.83,89;0;0;0,time,15,-1,0,14.99,0,0,false,false,english,,normal,false,false,false,,1778753917000
6a05a16a32edce57f76a3d90,false,80.06,90.99,80.06,59.69,100;0;0;0,time,15,-1,0,14.99,0,0,false,false,english,,normal,false,false,false,,1778753898000
6a05a0d732edce57f76a3839,false,96.85,99.19,96.85,76.78,121;0;0;0,time,15,-1,0,14.99,0,0,false,false,english,,normal,false,false,false,,1778753751000
6a05a0c732edce57f76a37a3,false,93.64,95.16,93.64,75.62,117;0;0;0,time,15,-1,0,14.99,0,0,false,false,english,,normal,false,false,false,,1778753735000
6a05a0b732edce57f76a3713,false,58.4,87.5,58.4,50.75,73;0;0;0,time,15,-1,0,15,0,0,false,false,english,,normal,false,false,false,,1778753719000
6a05a0a032edce57f76a3645,false,90.45,92.86,90.45,62.42,113;0;0;0,time,15,-1,0,14.99,0,0,false,false,english,,normal,false,false,false,,1778753696000
6a05a08f32edce57f76a35b2,false,95.22,95.31,98.42,77.82,119;0;0;1,time,15,-1,0,15,0,0,false,false,english,,normal,false,false,false,,1778753679000
6a05a04032edce57f76a32e1,false,108.83,96.5,112.03,79.78,136;2;0;1,time,15,-1,0,15,0,0,false,false,english,,normal,false,false,false,,1778753600000
6a05a02f32edce57f76a3254,false,72.79,91.26,72.79,63.22,91;0;0;0,time,15,-1,0,15,0,0,false,false,english,,normal,false,false,false,,1778753583000
6a05a01f32edce57f76a31c6,false,75.19,93.46,80.79,67.68,94;2;0;0,time,15,-1,0,15,0,0,false,false,english,,normal,false,false,false,,1778753567000
6a059f6432edce57f76a2b69,false,69.61,90.1,69.61,68.63,87;0;0;0,time,15,-1,0,15,0,0,false,false,english,,normal,false,false,false,,1778753380000
6a059e6432edce57f76a2273,false,86.38,91.74,90.38,71.93,108;2;0;0,time,15,-1,0,15,0,0,false,false,english,,normal,false,false,false,,1778753124000
6a059e5332edce57f76a21dd,false,90.46,95.83,90.46,70.07,113;0;0;0,time,15,-1,0,14.99,0,0,false,false,english,,normal,false,false,false,,1778753107000
6a059e4332edce57f76a213e,false,82.43,94.02,88.04,73.44,103;1;0;1,time,15,-1,0,14.99,0,0,false,false,english,,normal,false,false,false,,1778753091000
6a059e2432edce57f76a2013,false,77.59,85.37,93.59,58.68,97;10;0;2,time,15,-1,0,15,0,0,false,false,english,,normal,false,false,false,,1778753060000
6a059b9632edce57f76a0862,false,96.77,95.42,103.17,76.92,121;2;1;0,time,15,-1,0,15,0,0,false,false,english,,normal,false,false,false,,1778752406000
6a059b8632edce57f76a07ae,false,99.2,96.18,99.2,80.18,124;0;0;0,time,15,-1,0,15,0,0,false,false,english,,normal,false,false,false,,1778752390000
6a059b6e32edce57f76a06c5,false,101.59,96.95,101.59,76.55,127;0;0;0,time,15,-1,0,15,0,0,false,false,english,,normal,false,false,false,,1778752366000
6a059b5e32edce57f76a0626,false,94.44,95.16,94.44,70.55,118;0;0;0,time,15,-1,0,14.99,0,0,false,false,english,,normal,false,false,false,,1778752350000
6a059b4e32edce57f76a0575,false,85.62,96.52,85.62,55.45,107;0;0;0,time,15,-1,0,15,0,0,false,false,english,,normal,false,false,false,,1778752334000
6a059b3d32edce57f76a04d3,false,86.44,94.21,92.05,62.02,108;2;0;0,time,15,-1,0,14.99,0,0,false,false,english,,normal,false,false,false,,1778752317000
6a059a7f32edce57f769fd78,false,81.65,93.58,81.65,59.99,102;0;0;0,time,15,-1,0,14.99,0,0,false,false,english,,normal,false,false,false,,1778752127000
6a059a6e32edce57f769fcc4,false,57.62,92.59,62.42,26.36,72;2;0;0,time,15,-1,0,14.99,4,0,false,false,english,,normal,false,false,false,,1778752110000
6a059a1032edce57f769f93b,false,89.56,94.53,99.16,65.02,112;2;0;1,time,15,-1,0,15.01,0,0,false,false,english,,normal,false,false,false,,1778752016000
6a05877932edce57f7694b1a,false,62.38,86,62.38,55,78;0;0;0,time,15,-1,0,15,0,0,false,false,english,,normal,false,false,false,,1778747257000
6a05876932edce57f7694a86,false,90.37,95.83,90.37,72.24,113;0;0;0,time,15,-1,0,15.01,0,0,false,false,english,,normal,false,false,false,,1778747241000
6a05866132edce57f7694162,false,89.61,92.74,93.61,66.81,112;0;0;2,time,15,-1,0,15,0,0,false,false,english,,normal,false,false,false,,1778746977000
6a05865032edce57f76940d2,false,80.05,85.47,80.05,75.59,100;0;0;0,time,15,-1,0,14.99,0,0,false,false,english,,normal,false,false,false,,1778746960000
6a05863f32edce57f769403a,false,103.98,97.01,103.98,83.41,130;0;0;0,time,15,-1,0,15,0,0,false,false,english,,normal,false,false,false,,1778746943000
6a05862e32edce57f7693fac,false,107.23,95.92,117.64,86.46,134;4;0;0,time,15,-1,0,15,0,0,false,false,english,,normal,false,false,false,,1778746926000
6a05860432edce57f7693e42,false,98.43,98.43,101.63,73.81,123;2;0;0,time,15,-1,0,15,0,0,false,false,english,,normal,false,false,false,,1778746884000
6a0585f432edce57f7693db4,false,96.06,95.42,101.66,76.18,120;0;1;0,time,15,-1,0,14.99,0,0,false,false,english,,normal,false,false,false,,1778746868000
6a0585e432edce57f7693d30,false,80.86,91.2,91.27,70.39,101;4;0;0,time,15,-1,0,14.99,0,0,false,false,english,,normal,false,false,false,,1778746852000
6a05848f32edce57f7693183,false,93.58,97.56,97.57,82.08,117;1;0;0,time,15,-1,0,15,0,0,false,false,english,,normal,false,false,false,,1778746511000
6a05847f32edce57f76930ce,false,73.65,94.34,81.65,68.38,92;1;0;2,time,15,-1,0,14.99,0,0,false,false,english,,normal,false,false,false,,1778746495000
6a05846e32edce57f7693038,false,78.43,90.08,78.43,64.81,98;0;0;0,time,15,-1,0,14.99,0,0,false,false,english,,normal,false,false,false,,1778746478000
6a05844432edce57f7692e96,false,87.25,92.86,92.86,75.1,109;2;0;0,time,15,-1,0,14.99,0,0,false,false,english,,normal,false,false,false,,1778746436000
6a0583b032edce57f76929cc,false,58.42,87.95,59.22,60.5,73;1;0;0,time,15,-1,0,14.99,0,0,false,false,english,,normal,false,false,false,,1778746288000
6a0583a032edce57f769294b,false,84.05,92.98,84.05,52.56,105;0;0;0,time,15,-1,0,14.99,0,0,false,false,english,,normal,false,false,false,,1778746272000
6a05838f32edce57f76928c5,false,89.58,95.73,89.58,64.6,112;0;0;0,time,15,-1,0,15,0,0,false,false,english,,normal,false,false,false,,1778746255000
6a05837f32edce57f769283a,false,71.18,92.71,71.18,62.69,89;0;0;0,time,15,-1,0,15,0,0,false,false,english,,normal,false,false,false,,1778746239000
6a05836e32edce57f76927c3,false,80.06,96.23,82.47,59.51,100;0;0;1,time,15,-1,0,14.99,0,0,false,false,english,,normal,false,false,false,,1778746222000
6a05835e32edce57f7692724,false,84.78,94.64,84.78,63.79,106;0;0;0,time,15,-1,0,15,0,0,false,false,english,,normal,false,false,false,,1778746206000
6a05834d32edce57f7692699,false,82.4,90.16,89.6,73.11,103;2;0;0,time,15,-1,0,15,0,0,false,false,english,,normal,false,false,false,,1778746189000
6a05833d32edce57f7692616,false,80.81,90.27,80.81,57.81,101;0;0;0,time,15,-1,0,15,0,0,false,false,english,,normal,false,false,false,,1778746173000
6a05825832edce57f7691e39,false,68.79,87.62,68.79,62.04,86;0;0;0,time,15,-1,0,15,0,0,false,false,english,,normal,false,false,false,,1778745944000
6a05824732edce57f7691d9a,false,74.4,94.06,74.4,56.84,93;0;0;0,time,15,-1,0,15,0,0,false,false,english,,normal,false,false,false,,1778745927000
6a05823732edce57f7691d16,false,91.99,94.53,91.99,66.9,115;0;0;0,time,15,-1,0,15,0,0,false,false,english,,normal,false,false,false,,1778745911000
6a05822632edce57f7691c8a,false,78.37,88.46,90.37,75.19,98;4;0;0,time,15,-1,0,15.01,0,0,false,false,english,,normal,false,false,false,,1778745894000
6a05821632edce57f7691be5,false,96,96.09,100,69.79,120;1;0;0,time,15,-1,0,15,0,0,false,false,english,,normal,false,false,false,,1778745878000
6a05812d32edce57f769144c,false,91.27,94.26,91.27,70.95,114;0;0;0,time,15,-1,0,14.99,0,0,false,false,english,,normal,false,false,false,,1778745645000
6a05811c32edce57f76913b4,false,80,88.8,94.4,68.81,100;2;4;1,time,15,-1,0,15,0,0,false,false,english,,normal,false,false,false,,1778745628000
6a05810c32edce57f769132d,false,84.02,90.98,92.02,67.67,105;1;2;0,time,15,-1,0,15,0,0,false,false,english,,normal,false,false,false,,1778745612000
6a0580fb32edce57f76912b1,false,67.22,90.82,72.83,66.07,84;0;1;0,time,15,-1,0,14.99,0,0,false,false,english,,normal,false,false,false,,1778745595000
6a05804f32edce57f7690c90,false,80,96.23,80,64.79,100;0;0;0,time,15,-1,0,15,0,0,false,false,english,,normal,false,false,false,,1778745423000
6a057f9a32edce57f7690628,false,72.83,91.35,75.23,68.64,91;1;0;1,time,15,-1,0,14.99,0,0,false,false,english,,normal,false,false,false,,1778745242000
6a057f2e32edce57f7690273,false,84.84,95.54,84.84,61.86,106;0;0;0,time,15,-1,0,14.99,0,0,false,false,english,,normal,false,false,false,,1778745134000
6a0576d332edce57f768b64b,false,91.16,95.87,91.16,65.4,114;0;0;0,time,15,-1,0,15.01,0,0,false,false,english,,normal,false,false,false,,1778742995000
6a0576a732edce57f768b468,false,89.52,90.84,96.71,72.75,112;1;0;1,time,15,-1,0,15.01,0,0,false,false,english,,normal,false,false,false,,1778742951000
6a05768f32edce57f768b3ab,false,95.26,95.35,95.26,68.29,119;0;0;0,time,15,-1,0,14.99,0,0,false,false,english,,normal,false,false,false,,1778742927000
6a05762732edce57f768af74,false,96.07,94.49,96.07,76.43,120;0;0;0,time,15,-1,0,14.99,0,0,false,false,english,,normal,false,false,false,,1778742823000
6a05761732edce57f768aedb,false,95.99,92.42,99.99,76.82,120;2;0;0,time,15,-1,0,15,0,0,false,false,english,,normal,false,false,false,,1778742807000
6a05760632edce57f768ae2a,false,76.01,90.09,77.61,68.1,95;1;0;0,time,15,-1,0,15,0,0,false,false,english,,normal,false,false,false,,1778742790000
6a0575f632edce57f768ad7f,false,92.06,94.44,96.06,70.58,115;2;0;0,time,15,-1,0,14.99,0,0,false,false,english,,normal,false,false,false,,1778742774000
6a0575e632edce57f768acdb,false,91.23,92.74,91.23,72.25,114;0;0;0,time,15,-1,0,14.99,0,0,false,false,english,,normal,false,false,false,,1778742758000
6a0575d632edce57f768ac54,false,104.84,95.65,104.84,73.32,131;0;0;0,time,15,-1,0,14.99,0,0,false,false,english,,normal,false,false,false,,1778742742000
6a05741832edce57f7689d03,false,102.41,97.71,102.41,69.72,128;0;0;0,time,15,-1,0,15,0,0,false,false,english,,normal,false,false,false,,1778742296000
6a05740732edce57f7689c77,false,88.05,94.92,88.05,68.23,110;0;0;0,time,15,-1,0,14.99,0,0,false,false,english,,normal,false,false,false,,1778742279000
6a0573f732edce57f7689be2,false,95.21,96.75,95.21,62.18,119;0;0;0,time,15,-1,0,15,0,0,false,false,english,,normal,false,false,false,,1778742263000
6a05739132edce57f7689894,false,96.06,92.54,100.86,64.03,120;2;0;0,time,15,-1,0,14.99,0,0,false,false,english,,normal,false,false,false,,1778742161000
6a05729732edce57f7689026,false,94.43,95.24,94.43,71.9,118;0;0;0,time,15,-1,0,14.99,0,0,false,false,english,,normal,false,false,false,,1778741911000
6a0547f032edce57f7672eb2,false,77.63,90.99,81.63,70.89,97;1;0;0,time,15,-1,0,14.99,0,0,false,false,english,,normal,false,false,false,,1778730992000
6a05470a32edce57f767282b,false,108.88,99.28,108.88,77.48,136;0;0;0,time,15,-1,0,14.99,0,0,false,false,english,,normal,false,false,false,,1778730762000
6a0546fa32edce57f76727bd,false,77.61,90.83,78.41,62.26,97;1;0;0,time,15,-1,0,15,0,0,false,false,english,,normal,false,false,false,,1778730746000
6a046b5332edce57f75e3c55,false,88.86,93.8,95.26,72.55,111;1;1;0,time,15,-1,0,14.99,0,0,false,false,english,,normal,false,false,false,,1778674515000
6a046b4332edce57f75e3b9a,false,94.38,92.03,100.78,75.47,118;2;0;1,time,15,-1,0,15,0,0,false,false,english,,normal,false,false,false,,1778674499000
6a046b2c32edce57f75e3a8a,false,90.45,93.7,99.26,65.81,113;3;0;0,time,15,-1,0,14.99,0,0,false,false,english,,normal,false,false,false,,1778674476000
6a046b1c32edce57f75e39c4,false,101.51,96.24,101.51,76.75,127;0;0;0,time,15,-1,0,15.01,0,0,false,false,english,,normal,false,false,false,,1778674460000
6a04578332edce57f75d669b,false,74.43,95.1,77.63,72.52,93;0;0;1,time,15,-1,0,14.99,0,0,false,false,english,,normal,false,false,false,,1778669443000
6a04577232edce57f75d6602,false,87.98,93.44,91.18,68.3,110;0;0;1,time,15,-1,0,15,0,0,false,false,english,,normal,false,false,false,,1778669426000
6a04576132edce57f75d654c,false,91.98,93.89,96.78,76.55,115;2;0;0,time,15,-1,0,15,0,0,false,false,english,,normal,false,false,false,,1778669409000
6a04571032edce57f75d61c7,false,79.2,95.28,79.2,57.91,99;0;0;0,time,15,-1,0,15,0,0,false,false,english,,normal,false,false,false,,1778669328000
6a04570032edce57f75d6120,false,84.01,89.68,89.61,70.58,105;0;0;1,time,15,-1,0,15,0,0,false,false,english,,normal,false,false,false,,1778669312000
6a0456f032edce57f75d608f,false,76.78,86.09,76.78,70.77,96;0;0;0,time,15,-1,0,15,0,0,false,false,english,,normal,false,false,false,,1778669296000
6a0456df32edce57f75d5fe2,false,75.19,91.38,75.19,62.4,94;0;0;0,time,15,-1,0,15,0,0,false,false,english,,normal,false,false,false,,1778669279000
6a0456cf32edce57f75d5f3f,false,115.89,96.69,119.09,84.41,145;2;0;1,time,15,-1,0,15.01,0,0,false,false,english,,normal,false,false,false,,1778669263000
6a04568e32edce57f75d5c8a,false,112.89,94.04,112.89,77.21,141;0;0;0,time,15,-1,0,14.99,0,0,false,false,english,,normal,false,false,false,,1778669198000
6a04565532edce57f75d5a18,false,87.99,92.62,89.59,64.41,110;0;0;1,time,15,-1,0,15,0,0,false,false,english,,normal,false,false,false,,1778669141000
6a04564532edce57f75d597a,false,84.81,90,89.61,70.01,106;1;0;1,time,15,-1,0,15,0,0,false,false,english,,normal,false,false,false,,1778669125000
6a04563432edce57f75d58cc,false,99.99,91.67,111.19,70.34,125;4;0;2,time,15,-1,0,15,0,0,false,false,english,,normal,false,false,false,,1778669108000
6a04560432edce57f75d56e3,false,109.6,99.28,109.6,73.61,137;0;0;0,time,15,-1,0,15,0,0,false,false,english,,normal,false,false,false,,1778669060000
6a0455f432edce57f75d562b,false,91.27,92.8,93.67,67.61,114;1;0;1,time,15,-1,0,14.99,0,0,false,false,english,,normal,false,false,false,,1778669044000
6a0455e232edce57f75d5563,false,105.66,95.14,111.27,76.93,132;2;0;0,time,15,-1,0,14.99,0,0,false,false,english,,normal,false,false,false,,1778669026000
6a0455b632edce57f75d538f,false,106.37,98.52,106.37,78.15,133;0;0;0,time,15,-1,0,15,0,0,false,false,english,,normal,false,false,false,,1778668982000
6a0455a632edce57f75d52e6,false,107.97,97.83,107.97,71.05,135;0;0;0,time,15,-1,0,15,0,0,false,false,english,,normal,false,false,false,,1778668966000
6a04557c32edce57f75d5152,false,110.44,98.57,110.44,79.05,138;0;0;0,time,15,-1,0,14.99,0,0,false,false,english,,normal,false,false,false,,1778668924000
6a042f9532edce57f75bd75c,false,79.22,93.46,84.02,57.86,99;4;0;1,time,15,-1,0,15,1,0,false,false,english,,normal,false,false,false,,1778659221000
6a04015d32edce57f75a32d3,false,76.81,90.18,76.81,68.74,96;0;0;0,time,15,-1,0,15,0,0,false,false,english,,normal,false,false,false,,1778647389000
6a04014c32edce57f75a323a,false,91.98,93.85,98.38,78.24,115;2;0;1,time,15,-1,0,15,0,0,false,false,english,,normal,false,false,false,,1778647372000
6a04013c32edce57f75a31b2,false,81.63,88.14,81.63,67.23,102;0;0;0,time,15,-1,0,15,0,0,false,false,english,,normal,false,false,false,,1778647356000
6a04012632edce57f75a30fd,false,77.66,91.74,77.66,57.55,97;0;0;0,time,15,-1,0,14.99,0,0,false,false,english,,normal,false,false,false,,1778647334000
6a04011632edce57f75a3059,false,103.98,99.25,107.18,81.51,130;0;0;1,time,15,-1,0,15,0,0,false,false,english,,normal,false,false,false,,1778647318000
6a04010532edce57f75a2fc2,false,95.25,96.15,101.65,71.22,119;1;0;1,time,15,-1,0,14.99,0,0,false,false,english,,normal,false,false,false,,1778647301000
6a03f9dc32edce57f759f662,false,80.82,92.66,80.82,58.15,101;0;0;0,time,15,-1,0,15,0,0,false,false,english,,normal,false,false,false,,1778645468000
6a03f83432edce57f759e98d,false,119.21,96.18,123.21,82.6,149;2;0;0,time,15,-1,0,15,0,0,false,false,english,,normal,false,false,false,,1778645044000
6a03f80932edce57f759e844,false,99.92,96.15,99.92,66.65,125;0;0;0,time,15,-1,0,15.01,0,0,false,false,english,,normal,false,false,false,,1778645001000
6a03f7e932edce57f759e74b,false,83.23,88.98,86.43,72.2,104;2;0;1,time,15,-1,0,14.99,0,0,false,false,english,,normal,false,false,false,,1778644969000
6a03156632edce57f7508201,false,93.62,93.85,93.62,73.13,117;0;0;0,time,15,-1,0,15,0,0,false,false,english,,normal,false,false,false,,1778586982000
6a03155532edce57f750812d,false,83.19,94.92,96.79,66.58,104;7;0;2,time,15,-1,0,15,0,0,false,false,english,,normal,false,false,false,,1778586965000
6a0313f632edce57f7507126,false,91.2,96.61,91.2,67.23,114;0;0;0,time,15,-1,0,15,0,0,false,false,english,,normal,false,false,false,,1778586614000
6a0313e632edce57f750707e,false,91.96,96.77,91.96,77.71,115;0;0;0,time,15,-1,0,15.01,0,0,false,false,english,,normal,false,false,false,,1778586598000
6a0313bd32edce57f7506eb3,false,77.61,95.33,81.61,60.41,97;0;0;1,time,15,-1,0,15,0,0,false,false,english,,normal,false,false,false,,1778586557000
6a03139d32edce57f7506d44,false,64.05,91.75,64.05,49.03,80;0;0;0,time,15,-1,0,14.99,0,0,false,false,english,,normal,false,false,false,,1778586525000
6a03138d32edce57f7506c8d,false,89.62,92.06,91.22,71.23,112;0;0;1,time,15,-1,0,15,0,0,false,false,english,,normal,false,false,false,,1778586509000
6a03136532edce57f7506ab4,false,86.01,95.73,88.41,70.88,215;0;0;1,time,30,-1,0,30,0,0,false,false,english,,normal,false,false,false,,1778586469000
6a03134532edce57f750696b,false,70.82,92.96,72.82,58.02,177;0;1;0,time,30,-1,0,29.99,0,0,false,false,english,,normal,false,false,false,,1778586437000
6a03115832edce57f750526b,false,52.4,92.81,56.8,62.35,131;0;0;1,time,30,-1,0,30,0,0,false,false,english_commonly_misspelled,,normal,false,false,false,,1778585944000
6a03113932edce57f75050ef,true,53.61,93.06,53.61,60.35,134;0;0;0,time,30,-1,0,29.99,0,0,false,false,english_commonly_misspelled,,normal,false,false,false,,1778585913000
6a03111032edce57f7504ee6,false,70.82,89.81,73.22,60.27,177;0;2;0,time,30,-1,0,29.99,0,0,false,false,english,,normal,false,false,false,,1778585872000
6a0310f032edce57f7504d83,false,81.88,93.78,83.48,67.76,205;2;0;0,time,30,-1,0,30.04,0,0,false,false,english,,normal,false,false,false,,1778585840000
6a02fcbf32edce57f74f7f86,false,97.2,96.09,99.6,65.28,243;3;0;1,time,30,-1,0,30,0,0,false,false,english,,normal,false,false,false,,1778580671000
6a02f3b732edce57f74f24e8,false,87.99,95.44,90.79,71.17,220;0;0;2,time,30,-1,0,30,0,0,false,false,english,,normal,false,false,false,,1778578359000
6a02f33232edce57f74f1f82,false,85.58,95.15,85.58,70.91,214;0;0;0,time,30,-1,0,30.01,0,0,false,false,english,,normal,false,false,false,,1778578226000
6a02f2e132edce57f74f1c03,false,87.57,93.09,89.97,64.61,219;1;0;0,time,30,-1,0,30.01,1,0,false,false,english,,normal,false,false,false,,1778578145000
6a02f2c032edce57f74f1aca,false,75.61,89.82,77.21,62.04,189;0;0;2,time,30,-1,0,30,0,0,false,false,english,,normal,false,false,false,,1778578112000
6a02cac432edce57f74d8bed,false,91.19,95,91.19,67.09,228;0;0;0,time,30,-1,0,30,0,0,false,false,english,,normal,false,false,false,,1778567876000
6a02c8c832edce57f74d7a15,false,86.02,93.78,89.22,66.38,215;1;0;2,time,30,-1,0,29.99,0,0,false,false,english,,normal,false,false,false,,1778567368000
6a02c8a232edce57f74d78e5,false,96.39,93.14,107.19,76.49,241;6;0;1,time,30,-1,0,30,0,0,false,false,english,,normal,false,false,false,,1778567330000
6a02bcb232edce57f74d0b4f,false,70.41,91.22,72.81,56.94,176;2;0;1,time,30,-1,0,30,0,0,false,false,english,,normal,false,false,false,,1778564274000
6a02bc9232edce57f74d0a27,false,84.41,94.2,84.41,59.15,211;0;0;0,time,30,-1,0,30,0,0,false,false,english,,normal,false,false,false,,1778564242000
6a02b4ab32edce57f74cc9f5,false,75.62,90.95,83.22,71,189;5;0;3,time,30,-1,0,29.99,0,0,false,false,english,,normal,false,false,false,,1778562219000
6a01b22332edce57f7422149,false,77.15,91.96,77.15,68.93,193;0;0;0,time,30,-1,0,30.02,0,0,false,false,english,,normal,false,false,false,,1778496035000
6a01b20432edce57f7422000,false,82.01,95.11,84.41,59.91,205;0;0;1,time,30,-1,0,30,0,0,false,false,english,,normal,false,false,false,,1778496004000
6a0179ad77aa750033979228,false,95.61,96.6,95.61,73.47,478;0;0;0,time,60,-1,0,60,0,0,false,false,english,,normal,false,false,false,,1778481581000
69fdab5977aa75003378c8dc,false,97.02,96.49,98.42,71.32,485;2;0;0,time,60,-1,0,59.99,0,0,false,false,english,,normal,false,false,false,,1778232153000
69fdaab177aa75003378c23a,false,88.6,93.98,89.2,65.02,443;1;0;1,time,60,-1,0,60,0,0,false,false,english,,normal,false,false,false,,1778231985000
69fd9cd177aa750033784506,false,79.61,95.51,79.61,60.96,398;0;0;0,time,60,-1,0,59.99,0,0,false,false,english,,normal,false,false,false,,1778228433000
69fd9ae077aa7500337832f3,false,65.99,89.47,66.59,57.96,330;1;1;0,time,60,-1,0,60.01,0,0,false,false,english,,normal,false,false,false,,1778227936000
69fd90c677aa75003377d6a3,false,86.01,95.36,90.01,69.2,430;3;0;2,time,60,-1,0,59.99,0,0,false,false,english,,normal,false,false,false,,1778225350000
69fd907a77aa75003377d3d1,false,88.41,95.31,89.01,66.69,442;2;0;0,time,60,-1,0,59.99,0,0,false,false,english,,normal,false,false,false,,1778225274000
69fd8c7977aa75003377af5d,false,93.82,95.6,95.02,67.83,469;2;0;0,time,60,-1,0,59.99,0,0,false,false,english,,normal,false,false,false,,1778224249000
69fd8c3677aa75003377acdb,false,84.79,93.21,87.59,65.77,424;4;1;0,time,60,-1,0,60.01,0,0,false,false,english,,normal,false,false,false,,1778224182000
69fd710c77aa75003376bcb9,false,87.81,92.81,90.01,67.79,439;5;0;1,time,60,-1,0,60,0,0,false,false,english,,normal,false,false,false,,1778217228000
69fd657d77aa750033765d9d,false,80.02,95.45,80.02,69.55,63;0;0;0,words,10,-1,0,9.45,0,0,false,false,english,,normal,false,false,false,,1778214269000
69fd657277aa750033765d3d,false,94.92,96.55,94.92,52.42,56;0;0;0,words,10,-1,0,7.08,0,0,false,false,english,,normal,false,false,false,,1778214258000
69fd656977aa750033765d00,false,96.62,92.31,100.73,70.04,47;1;0;1,words,10,-1,0,5.84,0,0,false,false,english,,normal,false,false,false,,1778214249000
69fc72b877aa7500336c5c7b,false,94.61,96.2,94.61,66.8,473;0;0;0,time,60,-1,0,59.99,0,0,false,false,english,,normal,false,false,false,,1778152120000
69fc67d777aa7500336bf0c1,false,92.81,97.34,94.41,66.49,464;1;0;2,time,60,-1,0,60,0,0,false,false,english,,normal,false,false,false,,1778149335000
69fc679377aa7500336bedd6,false,101.6,96.95,101.6,65.41,127;0;0;0,time,15,-1,0,15,0,0,false,false,english,,normal,false,false,false,,1778149267000
69fc678277aa7500336bed4b,false,88.72,96.55,88.72,62.4,111;0;0;0,time,15,-1,0,15.01,0,0,false,false,english,,normal,false,false,false,,1778149250000
69fc4f5777aa7500336af7a4,false,96.83,97.64,100.03,79.38,121;0;0;1,time,15,-1,0,15,0,0,false,false,english,,normal,false,false,false,,1778143063000
69fc0f2c77aa75003368bbf6,false,84.61,94.3,85.61,66.88,423;2;0;1,time,60,-1,0,59.99,0,0,false,false,english,,normal,false,false,false,,1778126636000
69fc0d3877aa75003368acaf,false,103.21,100,103.21,79.73,129;0;0;0,time,15,-1,0,15,0,0,false,false,english,,normal,false,false,false,,1778126136000
69fc0cd677aa75003368a94d,false,92.03,92.06,92.03,65.29,115;0;0;0,time,15,-1,0,14.99,0,0,false,false,english,,normal,false,false,false,,1778126038000
69fc0c5577aa75003368a50d,false,80,93.21,82,66.76,400;5;0;2,time,60,-1,0,60,0,0,false,false,english,,normal,false,false,false,,1778125909000
69fb23d377aa7500335ee07b,false,81.2,94.14,82.6,68.49,406;2;0;0,time,60,-1,0,60,0,0,false,false,english,,normal,false,false,false,,1778066387000
69fb156277aa7500335e4af3,false,86.8,95.88,87.4,65.53,434;0;0;1,time,60,-1,0,60,0,0,false,false,english,,normal,false,false,false,,1778062690000
69fb14f077aa7500335e470d,false,90.39,95.62,90.99,67.62,452;1;0;0,time,60,-1,0,60.01,0,0,false,false,english,,normal,false,false,false,,1778062576000
69fb00a577aa7500335d8249,false,84.79,94.08,86.19,67.23,424;2;0;0,time,60,-1,0,60,0,0,false,false,english,,normal,false,false,false,,1778057381000
69fb006177aa7500335d7f7e,false,83.19,92.86,83.99,63.13,104;1;0;0,time,15,-1,0,15,0,0,false,false,english,,normal,false,false,false,,1778057313000
69faff7e77aa7500335d760f,false,79.23,90.43,84.83,69.63,99;2;0;0,time,15,-1,0,15,0,0,false,false,english,,normal,false,false,false,,1778057086000
69faff3b77aa7500335d735c,false,93.66,97.52,93.66,64.23,117;0;0;0,time,15,-1,0,14.99,0,0,false,false,english,,normal,false,false,false,,1778057019000
69faff1177aa7500335d7192,false,90.44,97.41,90.44,67.13,113;0;0;0,time,15,-1,0,14.99,0,0,false,false,english,,normal,false,false,false,,1778056977000
69faff0077aa7500335d70eb,false,94.39,94.03,103.19,75.66,118;2;0;1,time,15,-1,0,15,0,0,false,false,english,,normal,false,false,false,,1778056960000
69fafe7077aa7500335d6b90,false,88.78,97.37,88.78,75.6,111;0;0;0,time,15,-1,0,15,0,0,false,false,english,,normal,false,false,false,,1778056816000
69fafe5f77aa7500335d6b00,false,89.65,93.33,89.65,70.42,112;0;0;0,time,15,-1,0,14.99,0,0,false,false,english,,normal,false,false,false,,1778056799000
69fafd8477aa7500335d62c1,false,82.42,92.37,82.42,68.57,103;0;0;0,time,15,-1,0,15,0,0,false,false,english,,normal,false,false,false,,1778056580000
69fafd7477aa7500335d620b,false,92.01,95.87,92.01,76.28,115;0;0;0,time,15,-1,0,15,0,0,false,false,english,,normal,false,false,false,,1778056564000
69fafcca77aa7500335d5b4c,false,87.98,94.17,87.98,73,110;0;0;0,time,15,-1,0,15,0,0,false,false,english,,normal,false,false,false,,1778056393000
69fafcb077aa7500335d5a35,false,104.86,97.79,108.06,88.28,131;1;0;1,time,15,-1,0,14.99,0,0,false,false,english,,normal,false,false,false,,1778056368000
69fae8b777aa7500335c9a84,false,104.01,100,104.01,79.5,130;0;0;0,time,15,-1,0,15,0,0,false,false,english,,normal,false,false,false,,1778051255000
69fae52077aa7500335c79d4,false,85.6,96.46,85.6,71.38,107;0;0;0,time,15,-1,0,15,0,0,false,false,english,,normal,false,false,false,,1778050336000
69fae4fe77aa7500335c7861,false,85.65,95,92.85,68.71,107;2;0;0,time,15,-1,0,14.99,0,0,false,false,english,,normal,false,false,false,,1778050302000
69fae4ee77aa7500335c77d1,false,90.43,96.72,96.83,73.11,113;1;0;1,time,15,-1,0,14.99,0,0,false,false,english,,normal,false,false,false,,1778050286000
69fae45077aa7500335c71fc,false,87.23,91.6,90.43,59.51,109;3;0;1,time,15,-1,0,15,0,0,false,false,english,,normal,false,false,false,,1778050128000
69fae20d77aa7500335c5bd4,false,87.98,94.49,95.18,60.29,110;2;0;1,time,15,-1,0,15,0,0,false,false,english,,normal,false,false,false,,1778049549000
69fae1fe77aa7500335c5b28,false,78.4,89.29,78.4,69.52,98;0;0;0,time,15,-1,0,15,0,0,false,false,english,,normal,false,false,false,,1778049534000
69facfce77aa7500335bb534,false,100.71,98.46,103.9,78.24,126;1;0;1,time,15,-1,0,15.01,0,0,false,false,english,,normal,false,false,false,,1778044878000
69facfbe77aa7500335bb4be,false,67.19,94.06,76.79,51.14,84;0;0;2,time,15,-1,0,15,0,0,false,false,english,,normal,false,false,false,,1778044862000
69facf9077aa7500335bb347,false,91.13,96.06,99.12,81.27,114;2;0;1,time,15,-1,0,15.01,0,0,false,false,english,,normal,false,false,false,,1778044816000
69facf7f77aa7500335bb2bd,false,75.21,96,75.21,66.39,94;0;0;0,time,15,-1,0,15,0,0,false,false,english,,normal,false,false,false,,1778044799000
69facf6e77aa7500335bb23a,false,55.23,87.65,56.83,49.16,69;1;0;0,time,15,-1,0,14.99,0,0,false,false,english,,normal,false,false,false,,1778044782000
69fac65e77aa7500335b6439,false,91.21,96.64,91.21,60.57,114;0;0;0,time,15,-1,0,15,0,0,false,false,english,,normal,false,false,false,,1778042462000
69fac56d77aa7500335b5c68,false,82.38,96.3,82.38,63.02,103;0;0;0,time,15,-1,0,15,0,0,false,false,english,,normal,false,false,false,,1778042221000
69fac53177aa7500335b5a2f,false,102.4,97.71,102.4,74.07,128;0;0;0,time,15,-1,0,15,0,0,false,false,english,,normal,false,false,false,,1778042161000
69fac33377aa7500335b4a23,false,74.41,91.43,74.41,59.62,93;0;0;0,time,15,-1,0,15,0,0,false,false,english,,normal,false,false,false,,1778041651000
69fac31f77aa7500335b498e,false,88.83,94.31,88.83,67.83,111;0;0;0,time,15,-1,0,14.99,0,0,false,false,english,,normal,false,false,false,,1778041631000
69fac18177aa7500335b3c2f,false,73.58,93.07,73.58,65.09,92;0;0;0,time,15,-1,0,15,0,0,false,false,english,,normal,false,false,false,,1778041217000
69fac02e77aa7500335b31b4,false,86,95.6,86,63.4,430;0;0;0,time,60,-1,0,60,0,0,false,false,english,,normal,false,false,false,,1778040878000